j10i9h10i10i11l8h12g13h11h9h13h14j11k11j12k13, -1
j10i9h10j9h9k10i10h7i8g10h12h11i11g13l8k9k12j11j12g9, -1
j10i9j8j7j9i8j11j12g10i11i10h10g9g12g8h9, -1
j10i9h10i11i10k10f10g10j9h11j13f11g11h9i8f9e8e12d13j12e9h12d8c7j8j7k8l8m6l7g8h8f8c8g7d10h6i5g5i7, -1
j10i9j8i7i10j9h10k10h7h9k9i8i6g9f9g8g10f10h8g6i12h11g7m12l11i11f7e7f8h6f5f6g5e6d6e9e8g11h12, -1
j10i9j9j7j8k8j11j12m10l9i6i8k6l10k11i10i11h11j6l6h6g6i7g5l11m11k5h8m3l4k3k4l8k9i5k7, -1
j10i9k9m7i7j8l8i11i10k7h10k10m5j11m8h11g11l7n7k11l11g10i12k12p5o6n8o8n5o5, -1
j10i9i10k10h10j9g9h9l9g6g10f10l11g7i11j12l8l10, -1
j10i9h10i10i11h12g9j12g12f8f10d12h8i7h9h7g10g11e10d10f11d9, -1
j10i9h10j9k9i10h11h12i11g9i7h9f9g10g8f11i8j8d11e10e12d9c8c10g11j11j5b11e8k12l13d8l8m7i6h7i5i4l5k5l6l7, -1
j10i9j9i10i8j11l11k10g8l13k12i12l9h13g14j13i13h11k14f9g10h10h12g11j8, -1
j10i9i10g10l10k10j8k9k11j9h9g8l9l11i8k6l7l8m7k7k8j6m9n8m10j7, -1
j10i9h10j9i10g10k10l10l8g9h9g8g11h11k9m7h12i11k12k11j11l13i12h13, -1
j10i9i10h10j9j12h11g12i12g11j8j7g9k8j13g10l9f12e13g14g13e12d12f13d11f11f14, -1
j10i9j8j9l9h9g9i8k10i10i11i7i6j7k6l7k7, -1
j10i9i10h10j8j9k10l9k9l10l8m7k8k7, -1
j10i9i10k10k8l9l7j9k9m8j11n7o6m6m7l8k7o8p9n8p8l11i8n9m10, -1
j10i9k9j8l6h10g11m7i11h12h11f11j11k11j13j12i12k14g10f9l9k10i13i14g13g12, -1
j10i9j8i7i10h10h8f8j9j7k8h11, -1
j10i9k9l8j8l10j9j11i11m8l9n8o8m9o7k11j12n10o11m10m11, -1
j10i9h10i11k10i10i12i7i8j11h11l11h9h12g10j13, -1
j10i9k9i11k7h10g9i7j8g11k8k6k10k11l10m10m11n12m8l8j11j9, -1
j10i9j9j11k10l11i10l10l8h11k11k9l12h10j8k13h7i8j7j6h9i6i7g7h6g5m13n14h4h5n12e5f5h8f6g8g6i11j12f8e8g9, -1
j10i9j9j12j7j8k7l7h10i7l10k10i6k8i8k9l5k6h6j5m8i4h3k11k12g6m6h5j3k4i3k3j4k5k2g3g5h4j6m9f4f7, -1
j10i9j8i8j9j7i10l7j11j12l10k10h11g12i11k11k9h12, -1
j10i9h10i11i10k10j11k12g10f10j9j12j7j8h11k8h9h12, -1
j10i9k9m7i7j7m10l10i11h12j8h6j12l14g9h10h8j6e11f10j11j9j13j14l11k11, -1
j10i9i10j9h10g10k9g13k10l10k12k11h12h9j12i12i11l8, -1
j10i9j9j8h10i11i8k10h11i10h9h8h12h13i12g10g12f12f13k12k11j13i13i14h15f10l11m11l10j12j14k15m13l12k13l13i15m12n12j15k14k16, -1
j10i9j8k9k8l8i8j9h9h8l5k6f11g10m9k5m7l7l9m10k4n9m8n7m6m5i6n8n10i4j5h7n6j3l3m2o6p6l4l2m4n4, -1
j10i9k9j8l6k7h10h12j6m7k6i6n6m6m4m8m9j7l7k8h5, -1
j10i9j8i8j9j11i11i7i6j7k6h7k7k9h6j6g7k5l4i5m5g9h8j5h5l6j4e9g10g6o7n6i10h10l7k8m7n7m4m6, -1
j10i9j8j7m7i8i11i7i6h9k6g10f11g7h7g9g8, -1
j10i9j8i8i7j9h7i10j7g7l7k7i11k9l9k8k10h9g9h8f8h10h11j11g8g10f11f9g11e11k6e10f10e9e12l8j5m8j6j4i6k4, -1
j10i9j9j7j12j11i10h10l7k8l9l6j8h11k9i7n9m9m7l8n7o7m8o10, -1
j10i9j8k9j9j7i8k10k8l8g8h8j11j12i10l7, -1
j10i9i10j9k9h9h12i11g10h10g9g11f12h11j11f11e11j8k7k8h8f10g12i12j6l8m8i15j12j14g13d10d12e12m6d13i7k5m7m9l7j7, -1
j10i9i10g10k10l10k9k11j12l8j11j13j9j8k12l13m12l11, -1
j10i9j8j9k9h6l10m11l8i11m7n6l7l9o7n7n8m9m8k8o8p8o9o6, -1
j10i9j9i10j7j8i6i7k8l9l6i8i11h10g11k9h6l10m11j11l8h9g8k12l13h12h11i12j12, -1
j10i9j8i7j6i10i8k8g8i11j11j9h11l7m6i12i13l9k9j7m10, -1
j10i9j9i10j8j11i7j7i8k10l8k8k9i11, -1
j10i9k9i11i10k10j11j12h10g10g8h9g9j7i8j8j5m7m5k5l6h7g7g5k12l13e7h6i7k7f8d6h8e8, -1
j10i9j8j7i8h8k8h7l8m8k9m7i11h12k7k10k5k6l10i7m11n12m9n10l9l7, -1
j10i9j8i8i10i7j7j9l9i6i5g6h7g9h9j6h8, -1
j10i9k9i11h10i10i8k8h11h9j11j8j9l8j13j12k10h7i12l9, -1
j10i9h10k9g9i11i10g10h9k10h11h12k12j11g12f13h13j9l9f11h7h8k7m12l11i14m10n9j7i7, -1
j10i9j8i7i10f10j9j11j7j6k8h11m10l9k10l10l7m6h10g10m8l8k6j5k7k9m7n7n9o10l11k12, -1
j10i9j9j7i8l11g6h7j13j11g8i7k7g5g7g11g10g9h11i12i10h10, -1
j10i9h10i10i11j12h12g13k9l8h11h13k11j11k12k10i12j13i13j14j15h8g9i14g12f13f12e12g14e13d13e11e14g16k14k13f8e7l13i16h16m12, -1
j10i9j9j8l6g11h10j11g10i10i11l8g8i6i8h9g9j12g6g7, -1
j10i9j8j7i7k9h9j9k8m9l9m10m8l8i8k10k7h8k12o10m12l12l10j11m7n10o9p10q10o11p12o12n7o14o13n11n12p13q14q12n15p11, -1
j10i9j8j7i8l8h8g8j9h7i6l11j11j12l10i10i7k9i5i4g5h5h6f4j6g6, -1
j10i9j8j9g9l9k9l10i7h8h6g5f6i6g6k8j7l7l8, -1
j10i9j9j12i11k9j7j8k7m7l8m9l10k10m8k11k12n8l9l11k8m10l7l6, -1
j10i9j8k9j9j7k10i8j11j12i10h10l10m10l9m8l7l8, -1
j10i9h10h9g9j9g10i10i11f8k9l8j12k13g12g13i12h12h11f9g11g8, -1
j10i9i10j9k9m7k10h10l10m10k12k11j11h9l13m14n12m11i12l9h13g14j13h12i13k13i14i11, -1
j10i9j8j9k9h6l10m11l8i11m7n6l7l9o7n7n8m9m8k8o8p8o9o10, -1
j10i9i10j9l9h10k9k7j8i7l8i11n6m7l7l6l10l11k10m10m8n7, -1
j10i9j8j7m7i8g10j9k9l8l10i7i10i5i6k7j6, -1
j10i9i10k10h10j9g9f10k9i11l11j11g11f8f11l9m8g10h13f9e11d11e10g12e13e12f12d14g13h14, -1
j10i9j9j11j8i10i7g8h9g5j7j6i8k6h7g7, -1
j10i9j9i10i8j8k7k10j11i11i13g11k9f11h11j13g10f12h10f10f13f9f8e9d8d9c9g12e10d12e12g9h9, -1
j10i9j8j9h9i8i11k9l11i10k11j11m9i7i6h7g6k7j7k8h11, -1
j10i9j9i10i8j11l11k10l9l13k12j13l8l10j8k8j6j7k9i11m9n9, -1
j10i9j9j7j8j11k10h7i10l10g10h10k8h11m6l7l8m8k9m7, -1
j10i9h10j9i10g10k10l10k9h9k11k12h12i11l12g9f9g11g8f11i8, -1
j10i9i10j9k10l10h10g10k9h9k11k12g9i11k6k7j7m4m7f11e12l8j6h11g11j13i12l11i14, -1
j10i9j9j7i10g10h11k8k10l10g12f13j12j11h12i12i11g13h10k13, -1
j10i9i10l10g10h10g11j8g12g9g13g14i11h12h11j9, -1
j10i9k9l8l10j8k7k10i11g11k8k5l7j7j9m6m7n7h10l5o8k4j3j5i5n5m5j6j4k6m4, -1
j10i9j9j11i10l7h10g10l10k10l9g12j7g13g11j8l11l12k8i6k7k6h7i4j5h6j6i5i3i7i8, -1
j10i9i10j9h9g10f7g8g9h10f10f9d7h7e10j5i6k7j8i12h11k10i8l9j11k9m9, -1
j10i9j9j12h10j8h12i10h9h11i8i13k9i11i12k11l10, -1
j10i9h10i10i11j12k9h12g9i7g12g11i13l8e7f8i12i8i6d8k8f10e9g8f7h8, -1
j10i9h10i11j9j12i8k10j11j8h12k12k11h11m11m12l12k13m13n14i10l14m15k14m14k15k16n11l13n13n12l11o14j13i12, -1
j10i9j8i7j6j9i10k10h9f7h7h8f10k9m9k7k8m8j11k12g10h10j7i8j5j4i6k4, -1
j10i9h10h9k9i11i10g10k10l10k11k8k13k12l12i8f11j7k6i6h5i7i5l9m10l7k7, -1
j10i9h10j9g9i10i11j12h11h12k11j11k12k9l9i7i6h7k8j7k7f7g7g8h9h6j8h5h4g6e8, -1
j10i9k9m7k7i11k5k8m5l5l6n4i10m10k10h10j7g9j12e7f8h9f9h7h8g11f12m8m9f11h11g10g8, -1
j10i9j8i8j9j11i10j6l10k10l7k8k9i7l8m7, -1
j10i9h10i10i8j9g9i11h9h11g12g10i12g11j11e11f11h13l9h12k8h14h15i13f10g13f12, -1
j10i9j8i7j6j7i10k7h7i8i6g10h9g8h6h8, -1
j10i9h10j9k9g9k10i10i7h9f9k8l7h11g12j11k12i11k11, -1
j10i9j9j12j8j7i8l8k8h8k10h7i10h11, -1
j10i9j9j11i10j8k8h11g11l10g10h10h12g13k7l7i13f10i11k9i7m11n12l9l8m8k10n9k6m9o9, -1
j10i9k9j8h10h12k7k10i10m7h7h9j7i7g9f10f8i11g11h6e7d6g8g10e8d8e10f9, -1
j10i9k9i11j8i8i10l10j9j7j11j12h9k12f7g8h10g10h11g12, -1
j10i9h10h9k9g9f9i10f7i7i8k12j11j12h8f8j8k8j9j7h7g6l11k10i11h12, -1
j10i9j8i7j9j7h7i8i10i6i5l7j11j12h9g8h10h8, -1
j10i9j9j12h10j8h12h11k9i11i8k10g11i10i13f10j14k15f12l14j16k13m15k14k16k11k12j11l11i12j13, -1
j10i9j8i8j7j9h7i6i7k7h6g5k9l10g7f7h8h9j4i5j6j5, -1
j10i9j9j7j8i8i7i11j11j12h10g10h9h12l10k9i10k10, -1
j10i9j8k9j9j7j12j11i8g8k8l8k10h7i10l10, -1
j10i9j8j7j9j11k10m10i8h7l11m12k8h8i10l7, -1
j10i9j9i10j11j8j12j13g11i12i11h11k14h12g12g9h13f9g10h9e9l6k7h8h10i7j6i8i6, -1
j10i9k9j8k7k8m8i8h8i6i7j7l9g4h5j6j5k6l6, -1
j10i9i10h10k7j9k9h12m7l8l7n7i7j7j8l10h6g5k6k8i4j5i6i5, -1
j10i9k9m7k7i7i10k10h10i11j11j8g10f10j13j12h9g8h11i12, -1
j10i9i10l10j9j11k10l7l8h10j8i8j6j7k7i5k9m7, -1
j10i9j9j8k7l8i8k8h10k10m8l7j11j12l5l10l9k9i7k11k12, -1
j10i9j8i7i8j9h9k9h8k8g8f8h7h10h6h5i6f9k6j6, -1
j10i9k9l8j8i11j11j9i10l10h9k12g8f7h10g10h8i8, -1
j10i9j8j7m7k9m10l9j9k10m9m8n7k8k7i6h5j11i12k12k11h9i10k6i8l7j5l6l8, -1
j10i9j9j12i10k10j8j7g12h11g10g11j11k12i12f11e11k13k11h10i11f12e13h12h9h13h14f10i13, -1
j10i9k9m7i7j7h12i11h10h11j8l10g10i10i12j9g12j12k11k10e12f12h6g5g11g13g9g8f10h8, -1
j10i9j9j8l6h10g11j12h12f10g9k9g10g12g7g8h6i11i8l10m11h7h9j7i6k13l14i13k11i12i10i14i15h13j13, -1
j10i9i10h10f12j8k7k8l8i5m9n10m7k9m10m8l7n7l10k10, -1
j10i9j8j7k9i7k7k8i6l9i11l8l7h7l10g7f7m10n11m11m9n8m7n7m8n10n9k6h9o9l12p8q7o8l5o10o7q10p10, -1
j10i9i10k10k9h12j8i7l8m7k8m8j9j11, -1
j10i9j9j8i8h10g11j12k7k10g9i11i10g12k13h11h12h7j14i13h9g10f9j11k11m11d9e9i15h16k9e10e11f10d10h14f11d11l9g15f16f14, -1
j10i9k9l8l10i10i11i7j8j7m11n12i8h7k7g8f7f9e10i6j5k8l9h5g4h6h8h3h4g6j6g9g7, -1
j10i9j9j12j8j7i8h8k8h11l8m8l7m6l11k10k9l10, -1
j10i9k9l8j8i11i7h6l10m11j7j9k7h7k10i10, -1
j10i9j9j7j8i7l7i8i10k8i6h7g7k6h9j11k9l9h12i11h10h11, -1
j10i9i10h10j8j9h9g8g5g6k10l10h6i7l13k9l9g7j11k12, -1
j10i9h10k9k10i10h9i12i11j9h12h11k8i8g12i6i7h7f9f5g6g13g9f8e9d9f10h8, -1
j10i9j9j12j8j7k8g12l8m8i8h8l7i10l11k10l9l10l6l5m6n5k9i11n6m7, -1
j10i9i10h10f12j8k7l10l7j9k9m7l8i11l6l5j6m9k6i6, -1
j10i9k9l8j8j9m11l10i11i7l9i8i6k10l11j7h7k11h9m10n10n8m9o9o11l6m7o8m8o6o7m6n6l7k8l5l4, -1
j10i9i10l10h10g10h11g12h13h12j12e12f12h9f11g9f9, -1
j10i9k9h12h10j12i10k10i12i13f10g10j14h9j7g9f9h14g15l10k11h13h15g13j13g12g11f11e10, -1
j10i9j8j7j9k8l9i8g10k6l5k7k9i7l7, -1
j10i9j8i7i10j7m7k7h7l8k10h10m10l10j11m8j9j12, -1
j10i9j9j7j8k8i6m10j13i7h7i8h9i10i11l9n11l8j12j11h10g9, -1
j10i9h10i10i11h12k13j12k12g9k15k14h9j13l15j15j14h11l13l12n15m14m15o15l16m17l14l17m13n12o13n13, -1
j10i9h10k9g9k10j9j12j8j7i10g10h11k8k7k12k11l9m10i12h12, -1
j10i9j8k9l9j9g9k10g6k8k7k11k12i8l11i10i11, -1
j10i9h10k9k10i10i8l10l11j9h9h6h11h12h8h7f8g8f11g10i11g11, -1
j10i9j9i10j11j8g11j12i7k7l6i8i12h8k8l7g14h13i11h11g13g12, -1
j10i9j9j11i11g13i10k10g12h11k9l8h13h10j8h8h9j6h6i7k5g9f10k7i5n10m9l9m8l7j7, -1
j10i9j9j8g11h10i8l6k7g6k10l11k8k9h11i10j11i11i12h13j13j12, -1
j10i9j9i10j11j8j12j13h10i12i11g9k13l14h11k11h12h9, -1
j10i9i10l10k9h10j8i11j9j11l9h11k11g11f11f12e13g9j12e7f8h8h9g10g12g7g8e5f6f10i7e8e6, -1
j10i9j8j7i8h8j9h7h9k8m10i6h5i7k7g7f7f6e5g8f9g6g5, -1
j10i9h10k9g9j9l9i10l7i12i11j12g12h12l10l8l12l11k10n10m8n7g11g10h11f11k11j11h9k12n9o10m9o9h8h7f8e7k6j5m13n14, -1
j10i9j8i8i10j7j9h9k6h11h10g10f11j13i12j11l10k10k9i7i11l8h12g13j12g9, -1
j10i9k9m7j8j9l10i7k10m10i10h10m11n12k11k8k12k13j11l13, -1
j10i9j8j7i8l8l10j9k8k9l9h9g9h8h10f8m10k10m7g8n11o12m9m8n8o7j12k11o9l6n9p9, -1
j10i9k9h12h10j12i11l8i12i10i13i7i15i14k7h13k8k10h14i8i6f11g12j9h7l11m12h9g10k12j11, -1
j10i9h10i10i7k9j9i11i12j12j7j8h7g7l7k7h9h8i8g10, -1
j10i9h10i10i11g9h9h12h7h8i7g7g10f10g11f11f9f12g8e10g12e11d12e5f6f13f14g13d10e13e12, -1
j10i9h10i10i8k8j7k6l7k7k5j8l8l6m5k9k10h9j9l11m6m11l10j11g8, -1
j10i9i10k10j11k12j8j9k9l11m12h9h12i11m11l10j13l8l9i8h7m9m13m14k13j14, -1
j10i9j8j9k9i7i10h9l8i11n6m7k8i8k10l10, -1
j10i9k9l8i7k7i5j6i6i4l10j8l6n10m9k8i8m8n8k11o7p6k5m7j5h5m5l5k4h7l3m2k2k3n5m4n6n7, -1
j10i9i10l10h10g10g9j12e7f8k11h8g8l12h9f7g7f6f9k12m12d9e10d11g6g5h7i6f5e4e8e9h11j9h12h13i11g13, -1
j10i9k9m7i11h12j8j9m11l10i7g9h9k11m9i13h6g5m10m12h7h8k7j7l8j6k8k6, -1
j10i9j8j9g9l9k9i7l8i11i8k8i10k10m7n6m8j7i6k7h7m5g8f9j5k4h8f8h9h6, -1
j10i9h10i11k10i10i12j9l9j11h9h11g12, -1
j10i9j9j12i11j8l8k9k7j6j7i7h6l10m11i8i6h8g9, -1
j10i9j9i10j8j11g8j6i11i7i8h8k5g6l8k9m8k8g9k12l13k10k11i12h13j12h12m12l12i6h6k7k6j7h5, -1
j10i9j9j7j11j12i12h13i10h9k10l10g10h10h11j13, -1
j10i9k9i11h10i8i10g10k10l10h9k12k8k7h11h8, -1
j10i9j9j7i10g10l7k8j8i8h9j11m10h11j13i6h5i7i5h7g7f9e8, -1
j10i9j8j9k9l10i11h12m7l8g9j12l11m9k11j11k12k10j13i14n9m10n10l9i12l7l6k8i10, -1
j10i9h10h9g10i10k9i7i8g8f7k12j11f9g9j12i12h7e10k10f10d10i11h12e7f8l8m7g11h11g12g13c7e9, -1
j10i9i10j9h9k9k12j11h10g10l9h7h11h12k10l10g12n12m11f13k11m13o11f7k13k14n11l11q11p11m10o12m8m9k8j7n7o6n8n10, -1
j10i9j9j12i10k10h10g12k8l7j7j8g10f10h9i8h7h8i6h5g8f9, -1
j10i9j9j8h10i10i7i11i12h11g11g12l11f13e14j11l13f12i8k10f11k12g8e12d12e11e9d10g13d11c10l12d8f10b8c11m12a11b11c12e8d9, -1
j10i9h10i11j9i10i8j12j7j8h7g6h9k6, -1
j10i9k9m7j8i7j9j7j11j12i11h12k11l11h11g11k8i10, -1
j10i9j9j12j8j7k8g12l8i8m8n8m6l7m7k9, -1
j10i9j9i10i8j11k10h7k12g8l11m12m10n9l10n10j13i14l8l9k9i11, -1
j10i9j9j11i11h12h10f8k13j12k10i10k12k11l11m12j13i14m10n9h7i8l10n10l13m13, -1
j10i9i10l10h10g10g9f8j9l7j12j11i11k13h11g12h12k9, -1
j10i9j8i8i10i7k10l10g10h10g11j9k9h12l8m7i5k7k12k11g9g12j12h9h11j11g7g8f9e8i12j13l12m12f11e11f8f10, -1
j10i9j9i10j11j8i11l8j12j13l11k11h12g13i12g12k10h13, -1
j10i9i10j9l9k10h7h10k9j8g11h12h9l8g8f7j11k12i6f9k4j5g10g9j7i8, -1
j10i9j8j7m7i8g10k9i10h10h9k12k10g8m10l10j9l7j11j12m8l9, -1
j10i9j8j9i8h9g9h8h7h10k9h12h11g7l8m7k8m8k7k6k10k11l10m11, -1
j10i9h10h9g9i10i11f8g8g10j11j12j7k9j9j8k11l11f11l10m11i7h6i8i6l8k8, -1
j10i9k9j8l6m7g11m5n6i11m6o6i10j6k10l10k12k11j11l13g8h9g10h10, -1
j10i9j9j11i10k10h10h11i11g10i12k13i13i14k12h12h13g9g8g13k9h9f9g14f11h14j14f14e14e15d16g15g16d12e13e11f10, -1
j10i9j9j12j7j8l6g11h10i10i12i8i7l8k8m7i6h5l9m10k7h7k6k5, -1
j10i9j9j12j8j7l10i7m10k10m7k7h7i6i8k8h5, -1
j10i9j8k9l9j11j9j6i10k10k11h11m6g10k6f9e8k8e10h13i12i11e9e11e7e6h10h12g11h15h14e13g13g12i15j16i14i13j14k14g14f14, -1
j10i9j8j9i8h9k9l8h6i7h8g8h7i10j11h11k8k7h4h5g6e6f7e4j6i6g4i4j7g5i5j4f9e7e5f6m4e8e9d8c9d9, -1
j10i9k9j8l8i11i10k7h10g10k10l10m7n6k12k11j11h9l13m14j12j13i12l9, -1
j10i9j9j12i11j7h12k9l10k10k7f14k11l11l12g11n14m13n13h10f12n12g12e12i14h13l14i12j11k14m14o12p14o14p12o13o11h11j13p13h15g16, -1
j10i9h10j9i10g10g9k9l9i11k10l10n7m8i7j11h11h8h12h13m11f8g7g8e8i8j8f11h9f9f10e10d11, -1
j10i9j8i8i10g10i7l10j7j9l9k9k7h7k10m7h9j11j4g8i6k8j6j5i5h4i3i4k5h8, -1
j10i9j8j9k9l10m7l8i7h6l9i11i10h9h8i8g10h10g9j6g6m9k7k11j12l11j11, -1
j10i9i10l10j8h10h9j11h11l7j9g12j7j6g11l9l8i8i11k9i12i6i13i14h12f10g13f14j13h13, -1
j10i9k9i11i10g10k10l10k12k11j11l13g8h9j12j9i12h13, -1
j10i9j9j11i10h10h11g12g11f11j8h13i14k10i12g10k8l7j7j6l8m8, -1
j10i9k9m7k7k8j7i7i8i11i10g10k10l10j9l11, -1
j10i9i10k10j9j11h11g12i12j8g11h10l6f11i11i14h13k8j13k14g13h12, -1
j10i9k9i11k7i7h10k10i8h9i10g10j9h11k8j8l7m6k6k5m7n7l8n6l9l10n9m9, -1
j10i9h10i10i11k9h9h11i8k8j9j7j12k13, -1
j10i9k9j8l6h10g11i11i10f8g9l8g8g10j11h9i8h8h11f11j9g12k8l7k10h7, -1
j10i9h10i10i8k8h9k6h11h12h8h7f8g8g9i11d6e7f10i7f11f9, -1
j10i9j9j11i8h7k10j7l11m12m10l10i10h10k7k8h11g11f12i6h5g12g8h8g10j13g9h9h6i7i5g7f7e8j6l8m8e5f6f5n9o8, -1
j10i9h10j9k9h9g10i10i11h12g9j12g12g11f10f7g8g7e10d10m7l8i7h8f9d11f11d9, -1
j10i9j8i7i10j9h10g10i8g8g9k8k9i11k10l10l8l7n5k7j7k6j5j6k5m7l5m5m6i5n7o8k4j3n6n8n4n3o6p6l3m2, -1
j10i9i10j9k9h10j8h6l10m11k10m10l8m7k8i8, -1
j10i9i10l10g10h10f12g11k7h12j14j12h11f10e9g9i11j9h9i7h8m9k11, -1
j10i9k9l8j8j9i11h12g9j12i12i13l10m11i7h6k10m10h10i10e7f8j11l9k11h11, -1
j10i9i10h10j9h11j8j7h9j11k8m8i11m6i8h8k10h7k9h12, -1
j10i9h10h9j9i10j8j11k12i11i12i7i8g8f7h7l11f9i6g9e9g11g10, -1
j10i9k9j8i11h12h10g9m7l8g10i10i8f10h9f11f9g11e9e11d11, -1
j10i9h10j9g9i11h9k10i8k6g10f11i10f10g8j11, -1
j10i9i10j9k9m7k10h10l10m10k12k11j11h9l13m14n12m11i12l9h13g14j13h12i13k13i14i11, -1
j10i9j9i10j7j8i11g11h10k9i7k7k8l6m5m6j12k13g9f8j11j13l9m10i6h5k10m8l11k11, -1
j10i9k9i11j8j11i10l10k11l8l12l9l7k8k10h10j12k12h11l13n11m13i13j7i6j13i14m14n15m16m15n13k13l15o12, -1
j10i9j8k9j7j9h9l9m9k7k10i8i6h7i10l10g6h5f7g8h6f6l13j6l12l8l7e8m11h4i5e7d8e5e6d4c3i3g5h8, -1
j10i9h10h9j9g10j7j8g9i11k7f11e12h11g11i12i10, -1
j10i9h10i11i8i10h9h12j7g10l5k6h7h8j9j8, -1
j10i9k9i11h10i10i8i12i13k8h9j9h11h12j7k6e12l7m6g12j12m8j5g10h7h8i7g7l10k11, -1
j10i9i10l10k9i11g10h10k7g9f8j12k13h9f9k11i13h11j11, -1
j10i9j8i7i8j7h7l8h8g8k10j9h10i10, -1
j10i9j9j8k7i8i7l8k8l7i10k10j11h10h11g12j12j13l9k6h9k12g8f7m10j7n11o12k11i11m9l10m11l11, -1
j10i9j8i7i10i8j7j9l9i6i5g6h7g9h9j6h8, -1
j10i9h10i11h9h12h8h7i10g10g8j11h11j9i8f8k8j8l10k10j7g12i12f7k6l5i6l9h5g4k5k7j6l6, -1
j10i9h10i11i8i10i13j9g9h11k8k11j11g11e11h8l9j13m10j7n11o12m8k10m9m7m11m12o9n9o11l8, -1
j10i9j8i8i7j7i10l10h9k10j9j11h6g5h8h7f10g9h11h10, -1
j10i9j8i7j9j11j6j7l7h7g7g8i6h6h9h4h5k6l5i8m6k8n7o8j3k4m7o7l8k9, -1
j10i9k9h12i11h10m7l8k7h9h11g11f12g9f9g10g8f10e10, -1
j10i9i10l10k9h10l8i11j8j11n6m7k11k8l12k13j12h11g11h13h12i12k10j13k14, -1
j10i9k9m7h12i11i7i12i10l10j8j11k10h10g5h6k7k8j7h7j6j9j5j4i5h5, -1
j10i9j8i7j9j7i8h8k8k5j6l7k7k10l8m8, -1
j10i9i10j9k10l10k9l8k7k8l7j8i8j7j5h5i6h7m8k6h10g10h9j11h11h12f7g8h6l9g12l11l12k11n11i11m11g6g7o7j14k13, -1
j10i9j8i8j7j9i10k10l11i7l9i6i5g6h7g9h9j6h6, -1
j10i9i10j9k10h10l9m10k9j8g11m8k12k11j11l13g8h9i12h13h12i11, -1
j10i9k9l8j8h6l10m11k10m10i10h10k8k7j9j11, -1
j10i9i10g10k10l10k9g13k8k7k12k11l8m7h12i11j8m8j9j11, -1
j10i9h10i10j9j12j11j7i7i8g10l5k6k5j5i12i11g12h12g13h11h9, -1
j10i9j8j9k9i11m11l10i7g5k11l8k10k12l11n11k7k8i10l9m10m8m12m13o8l6l7j7g10h10n9p7k13n13g9n7g8g11h9f7o6g6, -1
j10i9j9j8i8g6l6j6g11l8k7k8n8m7n6l11n7n5n9n10m5i6h6l9l10, -1
j10i9h10i11j9j11i10g10h11g12k10l10k8l7h8h9i8l11, -1
j10i9k9m7j8i7j7j9i11h12g9j12k12k11i8h9l10k8h11m11g11f11g10g8g12g13e8f9f13e14j13m10i12k14i14i13, -1
j10i9j8j9h9i7i8k9h8g8l8k8g10j7h10h11, -1
j10i9j8j9i8h9k9l8g8h8l10i7g9i10h11g10h10i11i12h7g7m11k7k5g5g6h5f5k8k10l11j6l4l13k12j13j12l12k13h12k14k15, -1
j10i9j9j11j8j6i7i10i11k9f7h9k12f9g9h7h10f8g8g10d7i8f11k6j7h6i6h4k7h5, -1
j10i9i10h10g11h9h11g9f9i11j12j9k9k10f8i8h7m12l11f10f11g8g7j7k6e11h8g10i7h6f7e7d10d12c13f6g6e9j8d8g5b10, -1
j10i9i10h10g11g9h9j12i11j11g8i12h11g14h13g13f11e11g12j9, -1
j10i9k9j8h10h12m7l8l6n8m9l9i10k10m8m10l10j12i12m5k5f10j4i3k8j9k6k7j6i6j5l7, -1
j10i9k9h12i11j8m7l8h10j12k7k10i12l9m8l11l10i8j9k8h8i6i7, -1
j10i9j9j12j7j8k7h7i7m7l8i5h10i10m9n10i11k9f8k5l5g9l6l7h9h12k6i8g8m4l4m6m5l2n4o3k3j2n5n6n3m2, -1
j10i9i10k10k8j8h10j9h9j11h13l9m8k9m9m11l10l11i8, -1
j10i9i10l10j9j12j8j7k8h11l8i8l7m6m8n8k6j5k9m7, -1
j10i9i10l10h10g10h9j11h12h11k9i11k11k10i12g12g11l9l7l8h7l12l11m8n7k8n8m10n11n10o10m11k13, -1
j10i9i10k10k9m7h12i11h10g10h9h11g11j11i12l11k11l9j12g12i13j14, -1
j10i9k9m7h12i11k7i7i10k10j11h10k12l13j12j13, -1
j10i9j8j7i8l8k8h8h7g7k10j9k9k7l10i10, -1
j10i9j9j7j11j12h10i8i11h12h11g11i10k10, -1
j10i9i10j9k9h10j8h12l10m11k10m10h6i7l8m7k8k7, -1
j10i9k9m7k7i11i7i10i12k5j7h7j8h6, -1
j10i9j8j9k9i7l8m7i8k8h8h11i10g10g8f8l10k10i11h12m11n12l11j11, -1
j10i9j8i7i8h8f10j6k5j7h7j9k9m7k7k8i10j5k6m10l9k4l10j3j4m6l5m8m9m4m5l3m2n5l7, -1
j10i9i10k10h10k9j9k8k11j11j8j7l9k7k6l7i7f10h13m6f13h11i13g13h14j12h15h16g14i16d11e12j14i14k15l16g11h12i15j15f15e16, -1
j10i9j8k9k8l8j6i6l9j9i7l4g9h8n11m10h6j4g5f4g7f8g8g6g10g11i10h10f7h7, -1
j10i9k9h12m7l8m9m8l9n9k8k7m10n11j7i6k10l10k12k11i10j9h9j11g10h10, -1
j10i9h10i10j9i11i8l11j7j8h7g6h9h8, -1
j10i9h10h9k9g10k6i8f11g9f9i7i10i5i6g8g7h8f8, -1
j10i9j9i10j8j11j6j7i6i8i11h9g10, -1
j10i9j9j8l6h10g11j12g9g8i11h11h8f10l8k9h12i7l10g5h6g10e10i8i6f9e8f11f12, -1
j10i9j9j8h10k10i10g10j13j11h13h11i11k13g13h12i13f13g9f8k8g12i12i14m6l7m8l8l6n6m5m7o5n4n7p5n5l5o4g14h14e12, -1
j10i9k9m7k7m9m8k8n8h12n7n6l9o6l8l6m6o8k10j11l10l11, -1
j10i9k9j8k7l8l7m8k8k6k10k11i10h10, -1
j10i9h10i11j9i8i10g10k10l10j11j12j7j8k8l7l9m8, -1
j10i9h10k9k10i10j9i8i7j8l10i11i12m8k8l11j11h13h8j12m10n10k5j6j7l9h7k7, -1
j10i9j9j11j8k10j6j7l9i8k6i6i7k8k9l10m9n9l8m7, -1
j10i9j9j7j12j11i8l11i11h10l8k9k7h7k11m9l10g11f12h9h8g8i10f9i6g9e9, -1
j10i9j9j8g11i8g8l6k7i6i7k8l8j7l9k6h9, -1
j10i9j9j8k7i7k9i11i10k10l7k8l8m7m9n10l9n9, -1
j10i9j8k9j9j7j11j12i8h7k8h8m8l8i10l7k10h10, -1
j10i9i10k10j11k12j13j12k11l12m12i12h12i11h9i13m11i14i15h14k14n11m10m13h10h11g10f10g15f11m8m9h15j15g14g11e11k16l17f12f13i16, -1
j10i9h10i10i7j9h9i11i12g12h11h8l7l9h13h12g10f9j7i8, -1
j10i9j8j7m7i7i10g10h9k7h7k10j11g8j9j12k12l13k8l7l8m8, -1
j10i9j9i10j8j7j11j12i11i8k11h11m11l11k9h12, -1
j10i9j9i10j7j8k7i7i8h9j11k9h6k10i11k11k12j12l10e6h7g8f7g11f5g6h4h5i5j6f8g7, -1
j10i9j8k9i8h8j9j11h7g6j7j6k10l11i10l10g10h10, -1
j10i9h10k9i10g10l10k10j9h11k8j13i12j8l7m6i11k13i13i14k12j12l13j11l9l8l12l11n11m10l14j14j15m12n13n9l15l16m14o12n14n12, -1
j10i9h10j9k10i10l9i12i11h11g12g9h9i6l8k9m8n7k8j8m10n11l10n10, -1
j10i9j9j7i10j8l7k8m10i6h5l6k7i8h8k6j6, -1
j10i9k9j8l6k7m7l8n8o9j6m9m6k6k5j4m5m4l4i7l5n5, -1
j10i9k9m7i11h12k7h10h11j8j11g11f12i13f10k8l11k11f13f11i10g12k12h9j13m10, -1
j10i9j8i8i11i7i6k9g9j7g7k6l5k7l7, -1
j10i9h10k9h9h6i10g10k10l10j11k12h13i12f7g8h7j9h11, -1
j10i9i10k10h10h9j9g10j12j11i11k13f8g9h12k9g12h11, -1
j10i9h10j9g9k10h7i11i10l9k9l11m12j11k11, -1
j10i9j8i8i7k9j9j7k6g10h9j12h11h10k8i10i11j11h12f10e10m8g13f14h14e11h13h15i13j13e13f13i15j16j14k15i14i12, -1
j10i9j8i7j9j11i10j6k8h11m6l7l8i8m8n8m7k9, -1
j10i9j9j8g11i10i13i7i8l10k9h12k7k10l9l8j12h14k8m10n9m9j11j13k6k5l5j7h11i11m6l7n7k4n6n8, -1
j10i9i10g10k10l10j8i8i7h9f11f9g9j7k6j9h6g5j6i6, -1
j10i9j8j7j9i8g10i10i11j12i6k9h12l5k6l6g13f14g11g12f10i13d8e9d10e10d9d7d12d11e11c13, -1
j10i9j9j7j12j11h10g10i11k13f8g9h12g13k9l8g12i12h11h13, -1
j10i9j8j9k9l10m7l8k7i7l6i8i10l11l9, -1
j10i9i10g10j9h10j12j11g12h11g11i12j13h13g14, -1
j10i9h10k9j9j8i10g10l10k10k8l7h11g12h9h12j11g8j12j13k11i13, -1
j10i9h10j9h9i10h11h12i8j7i11j12h8h7f8g8g9e7f11g11f10f9, -1
j10i9j8j7m7i8i10j9h9k10l11k12k9l8h12h7g6g8i11g13i7l10g5h6g4g3h10h11f10g10g9h8, -1
j10i9k9l8i11h12j8m11l10j11k10i10i7h6m10n10k12k11l11n9j9i8j6j7m12n13l12n12, -1
j10i9h10k9h9h8i8g10k10h11i10l10j9h7j11j8, -1
j10i9k9i11i10k10j11j9h10h7i8f10g8h9f8h8g9g11h6g7d8e7f7i7e8c8g6h5f6i6, -1
j10i9j8j9i8k8k9i11i10l10h10g10h11h9g8h8h7f9g9f8f6i6g6c6f5e4g5g7h6i7e6d6h4e7h5h3, -1
j10i9i10j9h10g10h9h7k10l10k12j11h12h11k9k11, -1
j10i9j9j12i11h12i12j7h10m7i10k10g10f10h11j13, -1
j10i9i10l10j8h10h9j11h11g12g10i8i12j13e8f9f7g8j9d9e10l7j5e9c9i11i7k13j12h13i13l9l8l11i14l12l13m11k11, -1
j10i9j9i10i11j11g8i8j8i6i7k9j7j6g7h7h6g5f8i5g9g10, -1
j10i9j8k9j9j7j12j11k11m9i13h14k8m8i8h8k10h7i10l7, -1
j10i9k9j8l6l8g11j6k8j7j5i5k7k10k6k5g9h8i4l7l9i8i7h7j9h9h10h6h5f8g8, -1
j10i9j8j9k9l8i11g13h6i7h9h8j6g6i8j7l10g7h7h5g4g8m11n12k10i10n10m10k13l12j12k11, -1
j10i9i10l10j9j12g12h11j8j7g10h10h9k11i13i11g9, -1
j10i9j8k9k8j9h9l8i10l10l9k10g8j11e6f7i6j7h7j5h8i8, -1
j10i9k9h12m7l8m9j8m8m10l6h10g11h9h11g9f9i11f8j12k13i12g12, -1
j10i9j8i8i7i10i11k9j9j11h9h6h8j6h12g13k12h11g12i6k6f12j12i12f10g9i13g11k13l14k11k14, -1
j10i9i10k10k9h10j8h6l8i11n6m7k8i8j9h11, -1
j10i9i10j9h9g10f7g8k9k10h7h8i7g7g9e8f8i11f6f5f9f10e7d6g5d8j8h6h4i3i5d10e10d9d7d12d11l11m12c7e9b8, -1
j10i9h10i11i10g10l10k10h9k12k11j12g8f7h7h8l12l9h12h13f9e10i6j5l11j11i12g12f11l14m13n14m15m14k14l13n15l15k16f10k15k17, -1
j10i9k9m7k7i7i11h12i5k5i8j4l6h4k8k10n4m5l8j8j6m9l5l7k6j7, -1
j10i9k9h12i11m7h10g9i10g10k10l10k11k8k13k12j12l14j11j13, -1
j10i9k9j8l8m7i11h12h10f8j12k13j11j13i10k10k11l11i13l10g11h11g10f10g8g9, -1
j10i9j9i10j11j8i8i12l11k10j13j12k12m10k11m11g11i11i13k13l14h10g9k7l6m9m12n10l12, -1
j10i9i10g10l10k10j9j11k8h11i12j8g11m6i11h10i13i14h12f10, -1
j10i9j8k9k8j9l9l8i6j7i7h9g9i8g10k6l5k10l11h7g6h6h8j6i5g7i4i3f10e11e10d10g12g11f11d9i14h13f8f7h10i10, -1
j10i9j8j7j9i7i10g10j11j12k10l10m8l9k8l7, -1
j10i9j9j11i10k10h11g12h10k8h13h12f10g10k9j12i12l9j7j8m8h8i8g13g11e11k6l5m7l8l7j5, -1
j10i9j8j7j9i7i10i8j11j12k10l10g10h10h11k8i12j13, -1
j10i9i10g10k10l10k9k11l8m7i11h12j12h10j9j11i8l11k8l7, -1
j10i9j8i7i8j7k8h8j9h7g7l7k7l8h6l6l5j4k5k6j5m5i6l11j11j12m6k4l9j6g9h11i5h5f8e9k10m8h10g10, -1
j10i9j9i10j11j12i12i11j7j8h10i8i7k7k10h13m8l9m5l10l8h8g8g7o8n8m7m6n6k9o5p4o7o6, -1
j10i9j8j7m7j9l9g9h9h8l8k9l7l10l6l5n8o9m8k8n7o7, -1
j10i9k9h12m7l8j8h6l10m11k10i10m10n10k7k8j7l7, -1
j10i9i10k10j11h9j7j8k9h10k7m7h7i7j9h11h12i11f12j13k8i12k14f9g10g9e9, -1
j10i9h10i11i10k10g10f10g9g8f9i12g11e8d9e9g12g13f8j9l9e11e10f11d11l11m12h7i8j11k11h13g14f13e13f12f14, -1
j10i9h10h9g9k9g10i10j11j12g12g11i12i7i8j9l9k10k8j7f8e7f9h11f11f10e10h13d9c8e9c9g8h8, -1
j10i9k9j8i11l8h10k7h12g13h11h13h8h9g9f8j12k13e11f10f11g11i10k10g12j9, -1
j10i9h10j9g9k10i10h7i8g10k13k9l9i11k8h8h5j7j8l11l8m8m10k7i7n11l7l6n13m6l13m13m11j11h13h11k11i6f9k6j6f11, -1
j10i9k9i11k7k11i7j8i10j11l11h10g11k10g9l9i12k8m8h8i8j7i6h7h9j6j5g10k12m10n11l7i4i5h4l4h3g2g4f4k4j4, -1
j10i9k9i11i7k7j8l10l8i8m7n6j11j9h7k10h6g5g7f7j4i5k5l6h8j6, -1
j10i9h10j9i10k10k9g10h9h12j11g8l11g9g11h11k12l13j13m10j12j14i14h15l8m7l12m12l10l9m11k11, -1
j10i9h10i11i8i10h9i12i13g10h8h11f9j13k14j11k11g11f11g12j9, -1
j10i9h10i11i8g10h9h7g8h8j7j11i10g11h11g12g13h12k10l10l11f10i13e9d8e12f12e11g9, -1
j10i9j8j7k9i7k7k6i8l8l6m5h8g8l5h7j5g7f7g9g6f9e10, -1
j10i9i10l10g10h10h9j7j11k12g8f7j13j12f11e12h11g11, -1
j10i9j8k9j7j9l9h9g9l7k8m10m8l8j11k10h7i7j6j5l11l10h5i6i8m11h8g8k11n10o10n12o13m12m13l12k12, -1
j10i9k9l8l10i7i8k7k10i10n10m10m11n12k13l12l11j9, -1
j10i9j9j7j11j12h10h7i10k10g10f10g8h9h11k8g11g9, -1
j10i9h10j9h9h11k10i10k8i11i12j11k11k9f11l9m9l10i7f13g12l8l7l12l11k12n12h13e12g10g13g14m11h12n11o11n13n10m12o14, -1
j10i9j9j11i10j8l10k10h10h11k11i12l9g10f9l12l8l7k9m7m9n9, -1
j10i9i10g10j9h11k10l10j11j8j13j12l11i8k12h9, -1
j10i9k9m7j8i7i11h12j9j11j6j7k7i5k8k10k6k5m6l6, -1
j10i9h10i11h9i8i10g10l10k10j11g8k12l13h12h11j12i12, -1
j10i9i10k10j9k8k9l9j7j8m8i8h8j11i7l7l6i11g11h11k11h10h13m6k13g9f8m7i13j13h7g7h5h6f10h12f9f7f11f12e10g12, -1
j10i9k9i11k7h10j12j8j11j13l8g11f12i8i10h11h8f11e11g10i12, -1
j10i9h10i10j9j8i11i8j12k13j11j13f8g9h11k11h12h9, -1
j10i9h10i10i12i11h11i8i7h9j11j13l9k10j9j8g10g8h8g9f9e8h13j7h12h14g14f15f10f12e10d10g11i13, -1
j10i9j9j7j11j12i11g11l11k11l8k9k10i8l9l10, -1
j10i9j8k9l9k10k11j9l11i8l10l8l12l13m13n14n11m11n8m9m10o12n9n10, -1
j10i9j9j8l6i10j11i8i7i11i12j12h10h8k8g7l9k10j7i6l7k7, -1
j10i9h10i10i12i8i7k9h9h7j9h8k8j8h11e8h12h13j12k12j13j11, -1
j10i9j9j7j11j12i10l10h11k8g12f13h9k12h10g10, -1
j10i9i10j9h9k9m9k10k7j11h7l11m12k11i11, -1
j10i9j9j11i10l7j7l10h11g12g10h10j8j6i8h9g8h8h7k10g7g6, -1
j10i9j9j7j12j11i10k10k8l7i12g12k12l12h10k7m7m8g10f10h11j13i11g9h12g13, -1
j10i9i10j9k10h10m10l10h9l9k7m9k9k8l11k12n9k11j12j7l7h5i6l8n8k6i8f7n7n10n5n6m6o8m7o7p3o4m5m4l6o9, -1
j10i9k9m7i7j8l6i11j6h8m6k6i8h10g11h9h11g9j12, -1
j10i9h10i11j9j8l10l11j11k10i10k8g10f10j13j12h9g8l13k12h11i12, -1
j10i9h10i11i8h9k9j9i10g10g9f8h8l10j6i7j8k8f10f11m6l8l6k6j7j4n8g11h11m7k7e11n6c11d11e12d13e9d10, -1
j10i9h10h9g10i10g9i12i11j12k12h12g11g12f12k9j9h11f13g8f7j8e7f8e13d14f10f11c7d7c13d13d12e11b10d8, -1
j10i9k9i11j8i7j9j7j12j11i8k11h11k8i10k10l9m11l11l7k7k12n9m9k13h7m10h8h10g7f7h5h6e5f6i6g4k5j6j5g8i5, -1
j10i9h10i10i7h9f7j9k9g9f9j11k12i11i12h11k8, -1
j10i9j9i10i11j7j11j12l11k11l8k9k10i8l9m8, -1
j10i9j8j9h9i10i8k8h11i11k6j7h10h12m6i12i13l9i6k9m9k10k11, -1
j10i9k9j8l6i11i10k7m7k5h10k10g10f10k6j6j7l5i5m5n5n6l4h9i7h7i6i4f9h5k8h11l9m10n9m9l7m8m6, -1
j10i9j8j7k9i11m11l10m7i10i8l8l9m9n8n10k7i12i13p10k8k10k5k6, -1
j10i9j8j7k9i7m7l8l7k7h7j6m9i5h4i6i8i4i3h5g4k5h8, -1
j10i9j8i8i7k9i10k10j9j11j7j6l7k7, -1
j10i9j9j12i10j8l10k10h10g12k8l7h12k7f10g10g11e9i13j14i11k9h11f11, -1
j10i9h10i10j9j8i7i8h8j6k7h7j7m7h9h11k8i6k6k5g8g6i11k9h6l6j4l5j5n5l4i4i5k3f8g7, -1
j10i9h10i10i8k8j9j8j11k10j12j13i11g9k13l14k11l11h11g11h12h9, -1
j10i9i10h10j9j12h11k8i11j7g12f13g11f11g13g10, -1
j10i9i10h10g11i11g9j9k10l9k9k8m10l10l7k11l11n9n6i13j12l6g10g8g12g13l8m7j13i12i14k12j15h13j14, -1
j10i9h10j9i10g10h9k10h12h11i11k9g13f14k12j11j12i12, -1
j10i9j8j9g9l9k9l10l12k11l8i11i8k8h11m10n11i6j7l7m6m9j12o7n8m8m11n7o6, -1
j10i9j8k9j7j9l9i6h9i8i7l11k10l7h7g7h10i10, -1
j10i9j9j7j8k8j12j11i11h10k9h12i7l10h6g5l8m7m9m10l9n9j6k7h8g9l4k5g6i6h7i8, -1
j10i9h10j9k9i11k10i10i8k12h11h12i12f9h9j11h8h7k8j8, -1
j10i9j8i8i10g10h9j11k10l10h11h10j9k8j7j6i7h6g12f13g7h7g8h4h5k6i6k7i5, -1
j10i9i10g10l10k10j8j11m8k9k11i12h13k8h11j9l9h9g9i8k6, -1
j10i9j9j8k7k8m8i7i8h7h10f7g7h6k9f4g5h5h4h9h8g6e8i6j6, -1
j10i9k9i11i7h10k7g9f8j12k13h9f9i10i12j11k12h11h12, -1
j10i9i10j9l9k10k9l8i8j8h10m9k7j7k8h9j6f9g9k6f10g10m10i7j12i11l11j13h11n10l10l13i13k12n11o12k11h14, -1
j10i9h10k9j9j12i10k10g10f10j7j8h9i8h11g12, -1
j10i9i10h10f12h9k9j8k7h12h11k8j9j12g12f13g9i8l8m7g10g11g8j13j14g6j6m9h4i5i7h8f9e8h7j7, -1
j10i9i10k10k8h10j9l7k7h11k6k5j8j11h13m8l9j7m5n9h8i8i11i7l6n4j6m6i6h6l8i5, -1
j10i9h10i10j9i11i12i8i7j12j8j7l10k9k6h9k10m10j11l9k8n9l7m8m9g10f11m6g9o8l11n7l5n8p8, -1
j10i9k9j8l8m7l6h10g11j6l4j7j5l9i11h12k8k6h9l7k7h11m8k10m4i6n4k4m5o3n8o8p4o4n6o7j2k3m2m3l2l5, -1
j10i9h10i10i12i11h11h9g10j13k12k9j9j12f9e8j8j7g8i8i7h13e10h7f10d10g9h8, -1
j10i9k9h12j8j9l8m7k8m8i8h8k6k7h6i7j7l5i6h5, -1
j10i9i10j9k10h10h9l9k12j11k7l10l11n9l7n7k9k11n8g11f12j12i13i11h11, -1
j10i9j9j11k10j8k7l11i10l10k8k9, -1
j10i9h10i10i8g8h7f7h9h8j7k6j9j8, -1
j10i9j9j7i10j8h10k10h11g12g10f10h9h12j11g8j13j12, -1
j10i9j8j7k9i7i11l8h12g13i8h8h7g9j6f10e11f9h9g6f12g7g8f6e5f7f8d9e8e9c9d6e6d8d7, -1
j10i9j9j7j11j12i10h9k10h10l10m10l9i12l7l8, -1
j10i9k9j8l6i11g11i8i10k8h8l8m8h10g9g10h9i7i6f10g8f7j11k12j12j13k6j6j5l7, -1
j10i9j9i10i11j8k9h12h10i8j12k13k8f8j11j13k11l11, -1
j10i9j8j9k9h6l10m11l8m7i11h12k8m8k10i10, -1
j10i9k9h12i11l8h10g9g10i10i7f9h9h7j7i8j8l10, -1
j10i9j9j11i8k10h13j8k7l9m8j7m10m9n9l11l8k9m11n8k11m12o10p11l10p10p7n13o14p12p13o12q10, -1
j10i9i10g10l10k10k9i7m7l8m11n12m9l9n7o7j11j12m10m8m13m12k12l13l11k11, -1
j10i9j8i8j9j11i11j7i7k9k8m8i10l7k6h10m10k10l9n11k7i12h11g12h13h12f12k12j12k13k11i13k5k4j6l4l6m6h6i6m9l8, -1
j10i9j8j9g9i8i11g6h7i6i7k9l9k7g7f7h10f8h8f10, -1
j10i9j8i8j9j7i7g10h9i10i12k9h10j11h11h12h7h8g7e7g9i11f9e9g8i6g4g5f6e8e6f7f5d7h6c7b7e10e11c10f10, -1
j10i9h10h9g10i10i11g8j11j12g11h11g13g12, -1
j10i9j8i7j6j9i6j7k7m9k6h6l6m6m5n4k4k5h4i5j5h7i4l7, -1
j10i9j8i8i10g10j9j11j7j6l7k8l10k10i7k9, -1
j10i9h10j9k10i10h9i8i11h12h11g11k9i7i6l8g9f8k11k8, -1
j10i9i10g10l10k10j8j7k9m11h6i7l8i11n6m7l7l9k8i8, -1
j10i9k9h12l8m7m9k7h10l7j7j9k8o7n7j8l9m10k10m8, -1
j10i9j9j8k7k8h8l8m8h10i7g9l7j7i11m10l9j6k6n9n7o6g11j11p7o7o8h12j5i4p9q10p8p6m6l5n8q8p10p11m7m5, -1
j10i9i10l10g10h10k7k9i7j8h9j7g11g8f11e12h11e11g12f13, -1
j10i9i10h10j9j11k10j8k7k8h7i8l8g11f12g8h8g9g10i11f8, -1
j10i9j9j8k7k8l8k9i5j6h6i7l10h8g9i8g8, -1
j10i9k9h12j8l8l10m11i7h6k10i10n10m10k7k8j7l7, -1
j10i9k9l8j8h6l10m11k10i10n10m10j9j7j12j11k11i13, -1
j10i9k9h12i11m7g11j8g9g8h10f8j12k13j11h11, -1
j10i9i10j9h9h10k9i11k7g9j12j11g11k8l7i7m7n7l8n6l10l9m9n10, -1
j10i9j8k9j9j11k10l11j7j6i10l10g10h10k8h11i8l8, -1
j10i9h10i11i8j9h9g10h8h11j11g8j13k8i10k10k12l13m10l11m12j12m11m9l10k9l9, -1
j10i9h10j9g9k10k9i11i8i10g12g11h11i12i13h8h12h13j11j14g14k8l7j7l8m7l9l10m9l5j6k7k6n9m6l6k5g7h6l4j8i6, -1
j10i9i10g10h10g9l10k10g11h9j9e9f9k8j8j7i8i6h5k9k7g6h6j11l9g8g7l11k11f11h4h3i5j4, -1
j10i9k9h12h10l8j12i10j11j9k8i11i8i12i13k11f13h13h9k6j13j14h8h7j8g8f11g10i7l10f10g9, -1
j10i9j9j7j11j12i8m12g6h7k12g7i7m14i10h9k8l7h11g12k10h10, -1
j10i9h10k9k10i10h9i12i11i8h11h12h7h8j11g11j12j9, -1
j10i9j9j8i8l6k7k10k9j11l8m7m9n10o9l9i12i11k5m8n7j6k6k8k4k3l5j7, -1
j10i9j9j12i11h12h10g12i12i10j11g14j7j8k10l9l11m12, -1
j10i9j9j8h10l10j12j11i10g10i11k13f8g9g12h11h12k9, -1
j10i9j8i7j9j11i8h7j6j7k7l8l11k10l6l9i12g8i6k6g7m8n7o8n8n9l7m7m9n6o5k8n4m5p6q7, -1
j10i9j8i8i11j9g9g6h7i7i6g8l9j7k6j6l8k9l7l10j5m8k4l3i4h3l5l6k5i5, -1
j10i9j9i10i8i11l11k10i13j7j8j12g8h8g9g7k13l13k12k8i14j13k14k15j14l14i15l12, -1
j10i9j8i7i8h8j9j11j6j7l7i10m8h7g7h9h6, -1
j10i9j9j8h10i11i10g10h11g12k10l10k8l7h7i8h9h8g8f7j11k12h13h12, -1
j10i9j8k9j9j7j12j11i8h7h8g8k10f9i6e10d11g7i7g9g6h9e9, -1
j10i9j8i7i10j9k9h9l8i11n6m7k8i8k10h10, -1
j10i9i10l10j8j12l8h10k8i8j9l7, -1
j10i9h10k9h9h8i8g10k10h11i10l10j9h7j11j8, -1
j10i9j9j11k10i8i11h10k7k9l10m10l11l8l13l12i7j8k8l7m12n13j7n11g11o12p13p11q10m14l15o11q11o10o9n9m8n12n10q12r13o13, -1
j10i9j8k9j7j9h9l9m9k7k8i8m8i10i11h7k10i7i6g6f5j6h5g4m10m11l10n10n8l8, -1
j10i9i10g10h9g8l10k10h7g9g7g12g11e7k7f8h10h8e8f10e11i7j6i8j8i5i6j5g6h6f11d11h11i11h12h13j7j9h5g4, -1
j10i9j8i7j6i8i10i5i6j7h7k6l5h9g10h10j9h11h12j12l7i11g9g8l8l6m6k8n7o8k4j3m7o7j5l3k9n6l9m8o9g11, -1
j10i9k9m7k7m9h12i11i10k10j12n7m8o7p7n8l10q5p6n5n6o9l6p10q11n9p9n10n11o10o8, -1
j10i9h10i11k10i10i12i8i7l9m10k9j9j11l11k12h9l10m11m12h8h11g11n11l13g12h7h6j6k5j7j8, -1
j10i9k9j8l8m7k7i5i11h12m9n10l9n9l10l7k10i10, -1
j10i9j9i10i8j11j8h9k12h8h6k10i7k9j7j6g5f4g7h7i5j4i6i4g4g6, -1
j10i9j9j12j7j8i8h10k7h7l7m7k8i10k6k5, -1
j10i9j9j11i8k10i12k8j8k9k11k6k7j5l7j7l5j6i6l4j3l6n7m7k5k4m6o5i4o8o6o4n4n6l8p5m5p4q3m2n3l3, -1
j10i9j8i8i11i7i6j7h7m7l8l5k6j5k9h12j6h6k7k8, -1
j10i9j9j8g11k7l6l8i8h7j7k8k6l5m8j6i5h9n10g9h8f9e9g8e10j5i6g7g6f7e7, -1
j10i9j9j11i10h10k10h11g11h12h9l11l10m10j8h13h14k12n9j13i14i12g10, -1
j10i9j9j8k7i8i10k8h8g10l8k9j6m9h4i5i7g9l4k5l10k10l7l9, -1
j10i9j8j9k9l8m11l10i7l7l9i10k8i8g5h6m10n11i6j7m8m9k10k7, -1
j10i9h10k9i10k10h9j9g10f10h11h8h12h13i12j13k12j11, -1
j10i9j8i7j6i8i10j7i5h9k6g10f11g7h7g9f9, -1
j10i9i10g10j9h10j8j7h11k8h9j11g11k10l9f10e11f11g12f13f12g13k9h12n9m9l8m7l10l7, -1
j10i9h10i11k10i10i8i12i13j9l9h9g9j11g8h11g12, -1
j10i9k9m7h12i11k7i12i10k10g10i13h10f10j7h9i7h7j8j9, -1
j10i9k9l8l10k10i11i7m11n12l11i8i6j8k8k7l6h10g11j6m9j7l7, -1
j10i9k9h12i11g11h10g10m7l8j12g9g8g12g13e9f10h9f9e12f12, -1
j10i9j9i10j11j12i12i8i7k10k7j7g10j6h11f9i11k11g11f11g13g12, -1
j10i9i10j9h9k10h7i8h8h10k9i7i11h12g11j11i6h11h13m7h6h5g6f6j5g8k6j6k4l3i4l7g2h3k3j4k5, -1
j10i9h10k9g9i11i7k10h8f10h9h7k12k8k7l9j9i12j11, -1
j10i9k9l8k7i7i10k10h10k8f10g10m8h9f11h8i11f8h12g13g11h11, -1
j10i9h10h9i10k10k9g9f9l8j8f10h8j7i7h6i8g8g6h7h5i6j6l4l10m11f7i4k4g11g10e8h12h11i11g13i13i12j12k11j11j9, -1
j10i9j9i10j8j7i7j12i11k9k10i8m12l11h9h12l12k12i12j11m10m14l13j15o10n11m11m9n10l10, -1
j10i9j9j11k10i10i11l11l8k9l10j8i8l6k7n10g6h7g8g5i7i5h10k13k11h5f5k5j5i3j4h4f6, -1
j10i9h10h9i10g10j7g9j9j8l10k10l7k8l8l9m7k9, -1
j10i9j9j12h10j8i10k10f10g10h11k8f13g12h8h9f11f12e11g9, -1
j10i9k9h12j8i7i10f10l10k10m11n12l8m7k8m8l7j9, -1
j10i9h10i10i11k9h9i8h11h12h7h8j11k11j12k13, -1
j10i9j8j7i8l8j9l11l10k10j11j12h7k9h8g8k8h9f7g9g12g11g7e7l7m6f9f10g6f5h11i10e8g10, -1
j10i9k9h12i11g11j8h10l8m7k8i8n8m8k10k11l10m10, -1
j10i9h10i10j9i8i11j12j7j8k8f8k9l8h12g13k11k10h11h13, -1
j10i9k9m7h12i11i10g10k10l10k12k11j11l13j12i12, -1
j10i9j9j8h10k10i10g10g12h11i12k12k9h12l8m7i11i13j12g9j13j11g11j14k13l14i14l9h13f11l13k15l16k14k16j15i16j16i17n7m8k7, -1
j10i9j9j7i10l7j11j12h11g12h9k12f7g8i11k11h12k9, -1
j10i9j9i10j8j7i8h8k8j11l8m8k9i11k10k11, -1
j10i9j8i8i10i7j7j9i6g6h7h5g8j5e10f9h10k10h9j11, -1
j10i9j8i7j6j7k7i6i8l8k8g8k10k9i10h10j9h11, -1
j10i9j9i10i11j7j11j12l11k11l8k9k10m12l9i12, -1
j10i9j8k9l9j9h9i10h11i12i11k8k10h10l7l8k6m8m7j7j11k11j12i6n8n10f11g11j13j14k5l6n7o7k4k3g10e12l5m6n5m5, -1
j10i9j8i7i10j7l7i8l5i6i5g4h5h7g7f9g8h9g10, -1
j10i9j8i7i10h10h8i8i6j9k10l9k9k7m10l10l7i11k13l11l12m11h7k11j11g8i13l13n11g9f8h9f9g10g7, -1
j10i9j9j7i10h10k8h11h9j11g11i11l11l7j8i8i7l10k6k7l8n7m7n6n8m8h6g5j6i6k5l4, -1
j10i9h10i11i10k10g10f10g9g12f8d6g8g7i8h8h9f11, -1
j10i9h10j9h9i10h7h8i8h11k8i11i12l9f11g10g12g7e10h13d9c8f12h12f9g8, -1
j10i9h10i11i10k10j9j8k8h11g10f10k11l7j11k7k12h9j12j13l12i12l13m14l10m9, -1
j10i9i10k10j9k8k9l9j8j7i6i7h7j11i12l8m8l7l10m10n11l5l6k7m7k6m4h9i8j6m9k5k4, -1
j10i9j9j11k10i8i10l10h11g12k8l7h10g10k9k7h12h9, -1
j10i9h10j9i10k10h7k9l9g9h9h8k12j11l11f10e11i7j6k8k7j8l10, -1
j10i9j9j12j8j7i10h10h11k8m10g11f12k10g12f13k9h12m7l8i7l10i13m8l9i11g9o8n8o9o7k13l14n9l7n7p9f10g10j13f9e8, -1
j10i9h10i11j9j12j7j8i8k10i10g10k6l5h11g12k8l7l9i6h12h13k7k5g11j5m5i5h5l3k4l4l6l2l1i7j6i3i4l10k9j15, -1
j10i9j8i8j9j7g10j12i11h12i12i10h11f9j11g11i13i6i7k6l5h5k8f3g4h6j6h7h4, -1
j10i9j8j9l9g9h9i10i7i12i11k9k8i8h12h11g13f14k10g10f9g12f13h13m8n7l8n8m10j7l10n10, -1
j10i9h10h9g9i11j11i12i10k10g10f10j9j12g12h11, -1
j10i9j8j9k9l8l10m11i7h6m10k10i8l11h8g8j6k5g9f10k11i5j4j5h5i13h7f7g7l5m5m12n13i10h9l7k8, -1
j10i9i10l10j9j8l7k8h10g10l8i8g8i7k9m7i11h12j12g9j11j13, -1
j10i9j9j7i10h10j12j11k10h11g11m10l11i8h9k7m12n13l7j8l6k8l8, -1
j10i9h10i10i7i12i11h12k9g9l8m7j8h6l10m11k8i8n8m8k11m9, -1
j10i9j9j7j11j12h10h9i10k10k12g10i8l7m7k8h7h5i6j5g6f5j6h6i5l8m8h4l6m6l13m14k5j4i7i4, -1
j10i9i10j9k9k10h10g10i8g9g13h12g8h8e11f12f9h7h6e12g12f11d13f13f14d11c10j6i7j8g14g15c12e14j7l8e15j11d16c17k6l5, -1
j10i9h10j9g9i11k9h11i10g10f9k10j11j13h9k12l11g8h8k11k14e11h6h7i7j8, -1
j10i9h10i10i11k9g9j12j9j11h9j8f8e7h8h11h6h7j6i7g7e9g8g10, -1
j10i9j9j8l6i10i11h10g11j11k9l8k8g8h9k12h12g13k6k7e9f10j7i8i6l9, -1
j10i9k9i11i7h10k7g9j12e7f8h9f9h7h8i10i12g11f12g8g10, -1
j10i9i10g10l10k10j8i7j9j11h11g12h13j6g9h12m8k8k11e12f12h9f11k6k5i6l6, -1
j10i9j9j8i8h10g11k10h7f5k9h12h9g10i10k7l6h11l8m7l7l5l9l10k8m6m9n9i6j7g8j11, -1
j10i9j9j8g11l6k7i7i8l10k9k10m7l8k8l7l9m10l5k6i6m8j5, -1
j10i9h10k9h9i10i8j9h11h8i11f11h12h13g13f14j12k13j11k11j13j14i12k14, -1
j10i9h10h9j9j7i8k10j11j12g9f8f10h7i7h8g10i10e10d10g11g8g13g12i11h11, -1
j10i9j8i8i7j7g10i10l5k9i11j9h9l9m9k8h11, -1
j10i9h10h9g10i10j9i8i7j7i11j12g8g9k6e9f9e10i12h11h12g13l8k9g12e12e11j5e8d8f10f13i13i15f11f8d7c6h13j11j15i14, -1
j10i9j8j9i8l8k9h6k8l10k6k7h8g8l7h9k12g9f9i5j6g7g6, -1
j10i9h10j9h9h8i10g10k9g8k10l10k12k11j11l13h12i11i12h13, -1
j10i9h10j9h9h11i10g10k10l10i12j11i11k9g9j12m9f9h6i13h7h8m11d7e8f8g8f7f10e7c7d8f6k11h14g6d6g13j14k13k14i14, -1
j10i9k9m7j8j7k7k8l9i11m9n9l8n10l10l11, -1
j10i9h10k9g9i11j9j8l10k10j11k8k11i8h8, -1
j10i9j8i7i8j7h8g8l8k8k7l9i6j9k9m7i10m9m10l6n8g10m8k10o8p8m6p9p10p7o10n10o11o9n9, -1
j10i9h10i11j9i8i10g10k10l10j11j12j7j8k8h11l9m10, -1
j10i9j8j7m7i7i8l8h7h8j9g6j11j12k5g7g9f6e5g4g5i6h6, -1
j10i9k9h12m7l8l10j8k8k10m5k7h10m8m9j12l9n9m10j7o10j5j6i7h7i8i6k6l7, -1
j10i9j8i8i7j9h7h9g9j7g10g8k9h6l10m11i11l8g13h12h10f10, -1
j10i9k9h12i11j8l8m7k7g11m9n10i5j6l9n9l10l7k10i10, -1
j10i9k9i11i7k7j8l10i10l8h10g10l7j9j6h6h8k5g9f10h9h11g8i8, -1
j10i9k9j8h10i11k7k10l8j11i12l11k11i8j9i10i7g8h9, -1
j10i9i10l10j8j9h9k10k9k12h12i11g8f7i8h8g10j7e12f11f10h10g11e9, -1
j10i9h10i10i11l8h12g13h11h9h13h14j11k11j12g9, -1
j10i9h10i11j9j8h11i10i12i8i7g10h8h9j7k7j6g9g8f11e12l6m5j11k5l4f9g12i6j5g4h5g6h6h7e10, -1
j10i9j9j11i10l7h11g12l10k10i12j8h10g10i11h12i13i14j12k13, -1
j10i9j9j7j8j12i10h10g12h11h8h12h13i8f11e10g10g9i11h9i13i14i7f9e9e13d11e11g13j13g15l5k6e12e14k12l11j14j15i12l12k14, -1
j10i9i10h10j8j9h9k10h7i8k12j11m12j12i7i11g9l9i12n7m8k13l14k11l11m9k9, -1
j10i9k9m7j8i11i10l10j9j11j7j6g10h10i8h9k8l7, -1
j10i9j8j9l9g9h9h8i10g10k10l10j11k12, -1
j10i9j8j9g9i10k9i7i8l8i11g8h11h9j11g11k11l11h12g13h10f8j12k13h14h13, -1
j10i9h10i11i10g10l10k10h9h11k11j13i12j12g8j11e6f7h7g11f11j14j15i13h12g13h13, -1
j10i9j9j11i10h11j8g10i12k10k8j7i8l8i11g8h12g13i13i14f12g12g11f10h10f8g9e8d8f9d7, -1
j10i9j9j11j8i8i7m11j7j6l7k7l10i10l8l9k9h6, -1
j10i9h10h9k9g10k6i8f11g9f9i7i6i11i10g8g11h8f8, -1
j10i9j8i7j6i8i6i10i11j9g6h6k8g9h9l11k10k9h5j7f7e8m9k6l8k7l7l9l10n8h7l5m4k4k5g8h8m10m6h11g10g12, -1
j10i9j9j11j8i10i11i8j6j7h9i5k9h12i7l10h6g5h8k5, -1
j10i9k9m7i11h12k7h10g11h11h9k5l6i7i8j6h8k8g8f8g10f11, -1
j10i9j9i10j8j7i7i8i11k9j11j12k11l11l12f11g10g11e11m13f10e10h12g13h9g9g12m12m10m11f12e12m15n13o14o13p13l13k13n12l10o11, -1
j10i9j9j11j8i8j6j7k6i5h6i6i7g5h5h8k8k9l7m6i10h11h3h4m8n9i4j5l8n8l10k10, -1
j10i9j9j8g11k7l6l8k8i10i6i7i8h7j7l9k6j6, -1
j10i9i10j9k9m7k10h10l10m10k12k11j11l13g8h9j8i7m11n12i12l9h12i11, -1
j10i9j8i8j7j9i6i10i11k8l7h11g12k9h9k10h7, -1
j10i9i10k10k9i11j11h10k7j9j8g9j12h9f9h7i8, -1
j10i9i10l10j8h10j12l8j9j11l7k8j7j6k7i7m7n7k5i8l6n8m5n4i3j4m8m6j5k6, -1
j10i9h10i10i7k9i11j9h9h7l9k10i8k8k7, -1
j10i9h10i11k10i10i12l9j9l11j11j8j12j13h13g14h12k12, -1
j10i9i10g10k10l10k9g13k8k7k12k11l8i11n6m7n8m8j11h9j9j8, -1
j10i9i10k10j9l7j7j8h10f10h11g12h9h8h12h13i11k9j11g11, -1
j10i9j9i10j11j8g11i12i11h11k9l8j13j12k8k11g12g13k7k6i13k12l12g10k13l13j14h12, -1
j10i9j8i7i10j9i8h8g9k9l9l10g10h10g8g11h9j7, -1
j10i9k9i11i10g10k10l10k12k11j11h9l13m14j12j9i12h12, -1
j10i9i10g10j9j8g12h11l10k10i12f12j11h10g11k7l6k8k9h8i8, -1
j10i9k9i11i10g10k10l10k12k11j11l13g8h9j12j13i12h12, -1
j10i9k9j8i11h12l8m7h10k7j12g9k13l14j11j13k11k10, -1
j10i9h10j9i10k10g9h7i8g10k9i11e7f8f7h8g7g8e8h6h5g6i6e6e10d7f5e9f3g4g5e5f6f4, -1
j10i9k9m7i11h12j8j9i7l10g5h6l7g7g9h8h10f8i5f6e5e9d10g8e8f10g11h7f9, -1
j10i9k9h12j8j9l8m7k8m8i8h8k6k7h6i7j7l5i6j6, -1
j10i9k9i11j8i7i8j11k11k8j9l9k10l11j7j6l10m10h7g6h10i10h9g10, -1
j10i9j8k9k8l9j9j7j11j12i8l8g8h8i10h11, -1
j10i9j9j8g11i8i11i7i6k7l6k9h6l10m11j7h7k6k8, -1
j10i9h10j9g9h9k9i11i7i10i12j11g8h11g11, -1
j10i9j9j7j11j12i12l9k8i8l7m6i10h11l10k10h9k12k6g8k11l11m8j5n9o10k7k5n8l8n7n6, -1
j10i9k9m7k7m9k8k6k11k10i11h12j11h11m11l11j8l10, -1
j10i9k9h12i11j8l8m7k7j6h10k10g9j12m9j7j5i12g12g10h11k12l12i8h9i6i7l9j11, -1
j10i9h10j9i10k10g9g10k13h7i8h9k9i11n13g8h8i7j7i6j5i4f9i5i3j4k3h4g4k4l4j6k7g3f2f8n6m5l8m7k8j8, -1
j10i9i10j9h10g10k9l10i11l8h12g13j12g9k13l14h9h11k12j11, -1
j10i9h10k9i10k10j9k8k11k6k7j6g10f10h11j11g12f13h9h12h8h7g11g13f11e11, -1
j10i9j9j7j12j11i11g9m7g13h10l8k13l14k10i10m12l11k12k11, -1
j10i9h10h9j9j8g9i11i8k10i7j6j11k7k8j12l7m6l6i10i5g6i6i4l9l8, -1
j10i9h10i11j9j12j7j8i10k10g10f10h11k8h9i8, -1
j10i9i10l10k9i11l8m7g10h10g9k7j8j12k8m8j9j7, -1
j10i9k9l8i11k7h10m9n10j6i5i10h12g13h11h9h13h14j11k11j12k13, -1
j10i9h10j9k9i10h9h12i8h11k8l8k6k7, -1
j10i9h10k9k10i10i8l9j9l11h7g6j7j8h9g10, -1
j10i9j9i10j11j8i11h10g11h11h13l8j13j12g13i13, -1
j10i9j8j7m7i8i10g10h9g8l10k10k9i7, -1
j10i9h10i11k10i10i8j9h11k8l7i12i13k9h9h12e12k6k7i7h7h8l9n7l10l8n8f12k5m7j12k11f11g10e11n6o5m6l6l5k4m4, -1
j10i9h10h9i10k10k9g10j7g13m7l8l7k7j9j8, -1
j10i9k9l8l10k10i7j8k7h7i8j7n8m9n10m10m7j6j5k8l9m11m12n9i6p7o8o9q8p8p9m6r7o10l7i4l6o7l4m5l5l3, -1
j10i9k9j8l8m7l6i11l7l9l5l4h10i8i10g10k10l10k8j9, -1
j10i9j8j7j9j12i7k9k8i8i10l7g12h11f11h10h9h13j11k12h12m12l12k13i11k14k15j13i13, -1
j10i9j8i8i10j9k10h10k9l10k12k11j11h9l13m14i12h13h12j12, -1
j10i9h10i11i10k10j11j9k9g10k12l13l11m10g8h9j13j12g9l10i8o10n10m12n11m11m13m9m8, -1
j10i9k9j8i11h12g11h10k7l8k6k8m8h9h8h11h13f9g9g10e8i12j13f10e10f11f12, -1
j10i9k9m7j8i7i10j7k10h10l10m10m11n12k12k11h12i11j11l13, -1
j10i9i10h10f12h12j8h8j9j7k8h11h9j11l7m6l8m8l5l6l10k9k10m10l11l9, -1
j10i9j8j7m7i8i11i7i6h9k6g10f11g7h7g9f9, -1
j10i9j8k9l9k8k7j9k10i10l7n7l8l6l10l11n10m10, -1
j10i9i10k10k8h10j8j9k9l8l10i7h8h9i8g8h12g9f9g10g7j12i11g13g11f10e11f11e12i13e10e13h13f13h14h15f14e7e8e9i14g14, -1
j10i9j8j9k9l10h12i11i8h9l8k8l7g9f9j12h10i10i13h11g12j11k12, -1
j10i9i10k10j11k12j12j13l11k13k11m11j9j8h11i11, -1
j10i9j8i7i10j7g10h10i8h8h7j9g9k9l9g7e5h9k10h11h12g12l10m10m8j11l8k8, -1
j10i9k9m7h12i11i10k10h9k12j11j12g8f7j9h11j8j7h6i7f10h8g11g10, -1
j10i9j8i8i10i7k10l10j7j9l9g10k8i6i5k9m8j11l8n8m10n11n7o6m9m7j6k7j5j4l5k5, -1
j10i9i10h10j8j9g9l9k9l8i7h6h8j6k7k6i6i8l11l7l6j7l5j5i4j4j3k8i5i3m10l10m8g10h9k12m5n4f7g8g6h5, -1
j10i9i10h10k7k9j8m9m10l9j9j7k8l7l8m8n9j11k10l10i8h8, -1
j10i9k9m7j8j7l10i7i8h8m11n12k10m10h10i10i11h12k13j12k11k12, -1
j10i9j8j7j9i8i11g10h9i7i6m7j11j12i10k12h11k8, -1
j10i9i10h10j8j12k9h6l10m11k10m10k8k7l8m8, -1
j10i9j8k9j9j11i10h11j7j6k10l10g10h10i8h7, -1
j10i9k9i11h10k10i7h7i10h6h8f10j6k5h9h11j11g8j5f9e10f11f8g11e11g10e8, -1
j10i9j8j9k9i7l8m7m8k8i10k10l11h9h12i11h10f10g9l7n5j7k7i8k6i6i5, -1
j10i9i10j9l9l10h9g10g8f7g6j8g5g7i7k7l6j6l8l7j11k12m7k9n8k5m8k10, -1
j10i9j9j7j8k8m10j12h5m7k9l10i7g5h12i11h10h11k11i10i12g12k13m9k12k10k15k14l11j13o8n9m11n11j14i13, -1
j10i9j9j7i8j8k10l11k7h10m10l10k8k9i7l7l8h7m11m9l12n8o7g11f12j12k11g9i11g10g12g8g7e10f10, -1
j10i9k9j8i11h12l8m7h10f8j12k13j11j13i10g10l10k10l11l9, -1
j10i9k9i11i7j8k7h10j12j11g11k11l11h7g9i10i12h9g8, -1
j10i9j9j8i8k7h10k10k8l6m5l7m7l4l5k5k6m4h7h9k9l8j6i10g6f5i6h6k4j5j3i2h5j7, -1
j10i9h10i10i8j9g9i11h9h11g12g10i12g11j11k8l7e11f11h13h12j12e12f12g13k6l9l8m8k10k9k7f9e9m9h6f8k5k4j6i6i5, -1
j10i9i10j9k10l10h10g10l9g9h9j11g8e6h7h8i7f9h11g12h12h13k7j7k9k8, -1
j10i9j8j7i7j9l9g5l10k9k10m10i10h10m8n7l8k8, -1
j10i9h10k9j9j8l10i10k10i7i8h7l11m12n10m10l9l8l12l13j11i12m11o9, -1
j10i9i10l10g10h10k7j8f12k9m11h9j9h7h8h11l7k8i7g9l8f9e9h12h13j12i11k11k12, -1
j10i9i10g10l10k10l9l7k9n9l11l12j8i7m11n12j11j9, -1
j10i9k9m7k7k8l8i11i5j6l6l9m10m5m8m6j9l7j8j11l10m11, -1
j10i9j8i7j6i6i8g8j7j9j5j4l5k6l8k8i5k5, -1
j10i9h10i10i7i11i12j11h9h8h11h12g10f9g7j7f10j13d10e10e12f11g8g9d11d9c8g12h13c9e9f8f7d8e6d5d7b9g4f5e7, -1
j10i9j9j12i11l8j6l6j8j7l7k8h12g13i7k5k9h6i6i5j4l9m10l10l11j5h5k11m9m12m8m7n9o10, -1
j10i9k9l8k7i11k8k6k10k11i8j11h11j9i10h10l11j8f8f12g11j7j6g9f9f11f6f7l10m10l12l13e8g10d8c8e7c9e9e10, -1
j10i9k9m7j8m11i11h12j9j11m9j6i7h6g6o9l9n9h7i8j7k7g7f7g8g9i6f9, -1
j10i9h10i11i10k10g10f10g11g9h9f7j7i8j11k12j9j8h11h8, -1
j10i9j8j7i7k9j9k8k7j11l9k11i11l11k12j12i6i13l10h12n11h14g15j14g11j13j15h13h11, -1
j10i9k9j8k7k8l8m7h10i10i11h12m9j6n10o11l9n9l11l10j12g9j11j13, -1
j10i9h10j9k10i10k9i7i8k12l8m7k8k7, -1
j10i9i10l10g10h10h9l13k12l12l11m10j11g8j13j12i14h15i8f11j7k6, -1
j10i9h10j9g9k10k9i11i8k8g12h11j11l8g10g11i10f10h9g8, -1
j10i9i10j9h10g10k10l10g9i11j11l9k9k12j13k8h9l8l11l7l6n5m6j7i6j8i8j6j5k7m7, -1
j10i9k9m7k7h12m9i7l8j6n10o11l9n9l10l7, -1
j10i9k9i11i7g9i10l10h9j12h10g10h7h8f7g8, -1
j10i9h10k9h9j9h6i10i8h11k8h8l9j7g7j8i7j4l6j6j5g10e9f8i4l7h3g2i5i6h5k5, -1
j10i9i10l10h10g10h11j9h8h9k9g9f9g8g7f11e12g12g11h12f12j7i8j8m7l8j4k7j6l6m5h7m4m6d14e13i5h6l4k4j2k3, -1
j10i9j9j7j8j11i7i10k9h6i11l8l9k12h9n9h12g13m10n11n12l10m14m8o10n8o8n10n7m9o7, -1
j10i9h10h9i10g10l10k10j7j9k9i7g13g9f9h8f10i8l11g8f8, -1
j10i9i10l10h10g10g9f8h8h9f10e11i7j6j7g7l7k7i5e9d10e12e10, -1
j10i9k9l8k7j8l7i7i8h10k8k6k10k11j9i10, -1
j10i9h10j9i10k10h9i8h7h8f10g10g8j11f7e6f9f8, -1
j10i9j9j8i8g6h10k10k8m6h11i10h12h9h13h14i11g13j11k11j12j13, -1
j10i9j8i8i11j7i7k9h9k10k12k8k7j9h7l9m9, -1
j10i9k9h12i11j8h10m7j12g9k13l14j11j13k11k10, -1
j10i9k9i11j8j11k11i7i10k10m8f10l8k8m7n6m9m10l10j12l9l7, -1
j10i9k9j8l8i11h10k7m5n6k5i10i8i13i12h9f9g8j11n5k10l9j9h7j12j13k12k11, -1
j10i9j8k9j7j9l9k8k10i12i10h10k6l10i8l5j5m8j6j4h9g10g8j11i6l6, -1
j10i9h10h9i10g10j7k9j9j8l10k10k7l7k8h11k6f9e8g9e9i12j13g8g11f11e12f10f12f7f8g7g6i7h8e10h7h13j11, -1
j10i9j8j9i8l8h9h8k6j7i7k9l9i5j6k5i6h6n6m6j5j4g7k3l2m7l6m4m5k4l4k2k1l3n5j3m3, -1
j10i9h10h9i10g10l10k10j9h11g9j12i12k8i11k9k7j8i8l8i7n8m8k11k12m7k5j7h5n6o5o9p10l9m10, -1
j10i9j8i8j7j9h7i7i10i6i5h9g9j6h6h10h8h5l9l6l11k6m6m3f8g7l8l10m7k9m8m5k8n8, -1
j10i9i10l10h10g10h11g12h9h8h12h13j11g8i11g11, -1
j10i9j9j11j8k10i12i10i8k8k12j7m10i6h5g8h12j12l11n9g13i11j13i14h11g10h13h14, -1
j10i9h10i11h9h8j11i10i8j8j9j7j12j13i13h7i7l10h14g15g10f11l11f10h13k10h15h16h12h11j14k15i12k12g14f15, -1
j10i9j8j9k9l10h12i11i7g5h9i12i10h10g9g11h8f10g8i8, -1
j10i9i10g10l10k10h9j8k12j11i12i11g11k7l6k8k9m8l8l9n7j7i6m10n11l7i7j5k6, -1
j10i9j8i8i10g10j9j7h9j11l10k10k9i7m11n12l7k8l8l9, -1
j10i9j9j7j11j12i12k10m7k8l8k9k11k6k7i6h5i8l5, -1
j10i9k9l8i7k7j6g9h10h9f9l10l9i10j11j8i12k10j12j13l6k6i8n9k5l4n8m7l7g8g10f7e6g12d7e8d9d8f8c8g6h11, -1
j10i9i10l10k9h10i11l8g11h12l9h9h11j11k8j9j7i6m10n11g9g10k6k7m9m12n9o9m8m7, -1
j10i9j9j8i8k10g11h10k7k9j11k11k12i10i11j12l10h11i7h12h13i12h7j7h9g12f12g10j13i13h14f10e10f9e8e11i14h15f7g6f13f14, -1
j10i9i10k10j9h10h11k8k7j7j11j12g11i11g9g8g12f13g10g13i13f9i6k12k13h12d13f11f14d11e10e12c10f10f12f7f8j13h15i14l12m10, -1
j10i9j8k9l9j7j9i8l5i7i10i5i6k10k7j11l7k8l6l8l3l4m5n4k5n5m7n8i3j4n7o7k4j5, -1
j10i9j9j8k7i7i8h7k9i11j7k6n9l11m9l9l8j6m7n6l7n7m6k8, -1
j10i9k9m7j8j9h6i7i11h12i6l6j6g6j7j4k5l9h5g4j5i5h7h8, -1
j10i9j9j7i8k10j11j12k12i10h7k8h5l9m10k7k9l6j8l7l8, -1
j10i9k9h12m7l8j8i7l10m11i10k10f10h10h9j11k11j12i12k13i11j14l12j13j15i13k15, -1
j10i9j8j9h9i7i10i8h7h10g8f7i6j5h8f9h6h5f6g6e8f8g5i4j3k6h3i3i2l5g9l7m8j7m4k7m7k8k9, -1
j10i9j9j11j8i8i11j6i10l8h10k10g10f10g9j12g12g11, -1
j10i9h10h9g9i11i10g10l10k10i8k9l9l8k8l11j7i6j9h11, -1
j10i9j8k9i8h9j9j7j11j12k8l8h8g8k10h7i10l10, -1
j10i9h10i10i8k8j7j9l7h11g12g10i12l9k9h12m7k7, -1
j10i9j9j12j8j7i10h10l7k8l10k9k7l9m10k10j11k12k11l12m12m11k13n10g11h11h12i11g9g10n7o9p8i6h5f9i12d7e8h7g8, -1
j10i9j9j7i8j8h7g6h10k10j5h5i6g8j3g5g7f7e8f5e5f6f4e6d6, -1
j10i9j8i7i10h10j9j11h11g12j7j6k8l7l8i8m10l9m8n8m7k9, -1
j10i9i10j9k9m7k10h10l10m10k12k11j11h9l13m14n12m11i12l9h13g14j13h12i13k13i14i11, -1
j10i9j8j9k9i7i11l8i8h9g9g8h12g13f8h10i10i13h13l10j12h7h8i6f9k4j5k7j7j6m9k6k5, -1
j10i9k9m7j8j9h6i7i11h12i8h9k8h8g9h11h10j12k10i10, -1
j10i9k9h12j8i7m7l8i8k7j6m9j7j9j4j5k6l5l6k5, -1
j10i9i10h10f12h9h12k9j9g12j8j11k8l7h8i8i11j7g10k6l5g13g9i7k7m8n9g7k10i6i5j5i4h7f7, -1
j10i9i10j9h9g10k9k10k12j11l11i11l9g11h11g9g8h10j8, -1
j10i9k9i11i10l10g10h10g9g11f12j11h11j8k7k8f9i12d7e8d9e9g12f13e12d12f11h9, -1
j10i9i10h10g11j9g9k9l9g8l10k10k8i8h7l6j7m10l11l8i7k7j8m9j6h8i6h5l13l12j4j5g7f7h6i5, -1
j10i9k9i11k7k11i7j11h11m11l11i10i12k14k12f9n9m10j7l7h7g7j8h6j9j6k10i8m12n13l12j12l9m9, -1
j10i9j9j12j8j7i10g10k8h11m6l7i8l8k10l11, -1
j10i9i10h10g11j9k9k10h12i11j8g9f8h9f9h7i8, -1
j10i9i10h10j9h11j11j8k7h9h12h8h7g11f12i8k8f11e11, -1
j10i9k9h12h10m7j12i11i13k11k7j11l11k10l9m9i10k12l10l8h11l13g10f10k8j9k6k5i7j8j7m10, -1
j10i9k9i11k7k8i10l8h10g10k10l10j8j11l11k11i8j9l7g11h11j7o7n8g12m8o8m10l9m9j12, -1
j10i9h10i10i7k9i11g9h9j9h7h8l7g7g8h11g12j5k7j7m9j6j8f9l6l9m5n4l4l5o7n6n8p6m7n7, -1
j10i9j8j9h9i10i11i8k9l8h11h12k10k11l10i7i6k8h7m11m10n10f9g8f11g11h10h8f8f10, -1
j10i9k9l8i11g13j8i7j9j7j11j12k11h11m11l11l10n12k10m10, -1
j10i9h10i10i11l8h12g13h11h9h13h14j11k11j12j9, -1
j10i9j8j9g9i8g6i10i7i11i12k8h11m6l7k9l9k10k7, -1
j10i9i10g10k10l10k9g13k8k11k6k7l8m7i11h12j8m8j9h11, -1
j10i9i10k10k9h10m7l8k7i11k8l7l9g9f8k13j12h9f9h7h8g11f12f11h11i8j9, -1
j10i9j9j12i11k9j7j8g11k7l6i7h6l10m11k11i13k8k10i8l8, -1
j10i9i10g10j9j8h11k8h10h8i8k10g12f13h12h13e12f12j12i11j11j13k12i12, -1
j10i9i10j9k10h10h9m10j11k12l9i12j12j13l11m8f7g8l10l8k11i13, -1
j10i9h10j9g9i11i10k10h7l9k9l11m12j11i12, -1
j10i9i10k10j9k8h10j11h13k9k7k11k12m8l9m11l11j8l10, -1
j10i9h10j9k10i10i11k8h11h12k11j11k13k12, -1
j10i9i10g10k10l10k9k11m9l8l11k8j9m12l9n9j11j8, -1
j10i9j9j11j8k10i12j6i10m8h11g12k8l7g10f9h10f10h8i8, -1
j10i9k9l8k7l10l6k8l9j8m8m9k11n8p6k10i8j7j5o10l7k6i6n10m10o11p12o9o12p10q11o8o7p8m11r8q8, -1
j10i9k9h12h10i11i7l10i10g10h11h9g12f13f11j9h13i14f9d9g13g11j14g9g7f10e9i13h7j7e7f7e10e8, -1
j10i9h10i10i12h9j11i8i7j9k9g9f9g10j7g12g11, -1
j10i9h10j9k9i11h11h9i10k10h13f10f13f9g9i8l11f11f8, -1
j10i9j8j9i8k8k9i10h11h9i11h12j11g11l8m7l11k11l10l9, -1
j10i9i10l10j9l7j11j8j12j13h10g10h9g8h11h8, -1
j10i9i10g10l10k10j9k8k11j12j8j7h9k12l9h12i12k9l12l11k7i14j13g12k14l15g8f7g11j15h13g13k15g14f14k16g15l17m18m14j17n13, -1
j10i9j9j11k10l11h10i10i11h9g8k12l13i8j7i7i6l8g9j12f8e7j8j6g7g6g10g11e8d8f9h11, -1
j10i9k9l8i7j8k7l7k6k8i8j9m6j7l9i6i10j5j6k4l3h10m8g8h7g11f12h5g4g9g10h9f9f8i11e7d6e8d8e6e9f7, -1
j10i9j9j7j12j11i10k10h10h11k8m8l9l7i11g9g10f10i7h12i12i13g11k6n9j5i4l5i8m4n3l6l4m6m5, -1
j10i9j9j12i11j8g11h11g13h12h14g10i12i10i15f12j16k17i14i13g14j14g12g15h13j15, -1
j10i9j8j9k9l8l10i7m11n12i11g9i8h8j6h9f9f10e11h7h6h10h11g7j7g10g8, -1
j10i9i10k10k9h10k7i11g9f12g11g10h7e10i7j7j8l10h6g5h4h5j6i5, -1
j10i9j8j9l9k8i10l7k10l10m8j11n7o6h10g10m6m9k11l5l6k9k6j6k7g9h9m5k5h11n8m7k3k4o8p8n10n9g8e8f9f7, -1
j10i9i10j9l9k10h10k9h9h7i8g10k12j11g8f7h11h12g7k8k7l7f8h8h6e9i5j4g9i11g5g6e7d6h4j6, -1
j10i9i10g10j9h11k10l10j11j12j7j8l11i8m12n13k12l13k11m11, -1
j10i9h10k9i10k10k12g10h9j11h13k8k7h7n7l9j9i6j7f9g8i12m8, -1
j10i9j8j9k9i11m11l10k11k10i8m8l8m7l11n11m10m9n9k12k8h8p7o8l9m6m5p9n7n8q8o7p6o9o6, -1
j10i9k9j8l8m7h10i10i7k7i11h12m5j12i12i13f10l7n7j14k15j13j15l13k13l10k11l11l12k12i14, -1
j10i9k9h12l8m7m9o11k7j6k8k6k10k11n8m8l10m10l9l11, -1
j10i9k9i11i7g9i10l10j8h9f9h10f8j12k13k11i13h11h12, -1
j10i9j9j8i8h10g11k7l6g6h7l11i11l8h11j11f11e11h12g13i13j14f10e9i10g12i12i14f9f8, -1
j10i9j8i7j7j9k9j6i6i8k8h5m10l9k10k11, -1
j10i9h10j9i10k10h7g10h9h8k9j11g8g7f7e6f9e10i11l8f8f10, -1
j10i9h10h9g10i10i11g8j11j12g11h11g13g12, -1
j10i9j8k9j9j11i10k10j6j7k7k11k12k8l9m9h11l10j12l11m11g12l12i12o7g10g9g14h13h10n10o9n12m12k13j14h4i5n13n11m13l14, -1
j10i9j8k9k8j9h9l9m9m8l8k10n7n10j11i8l11i11i10k12k11l10m10n11h7n12n13n9n8m11o13l12k13, -1
j10i9k9l8j8i7j7j9i8j6l5k6l6k7m9k5k4, -1
j10i9j8k9k8l8j9j11l7i10i8h9k12l11j7j6n5m6g8h8h7g6i6l9, -1
j10i9k9m7j8m11j9j11i7h6i11h12j7j6l7i6g6h7l6g8f9j5k4h5h4h9h8, -1
j10i9j8j9h9k9k8m9l9m10i8h8g10j7m8l8f11e12i10h10j11g8, -1
j10i9h10k9j9k10k11j8j11m11l10j12h11i11i10g12h9k12, -1
j10i9j8i8j7j9h7k9h9i6i7g7k7l7i10h10k10l9m9l6l8n10m10l10i5j6k6h6m7m8l5k5e6g8g6f6n7h8e5e9f8e8, -1
j10i9k9l8k7l10l6k8i11i8j8i6i7l9l11, -1
j10i9k9j8k7h10h12i11f12g9f8j12k13h9f9h8h7i8i10, -1
j10i9j9i10j7j8i11g11h10k9i8i7l10g9k10l11h7g6h9g10, -1
j10i9h10i10i11k9g9j12j9j11h9i8j8f8i7j6h12h11f9e9g12g11h8h6g7i6g6g8g13f14e11f10f12e12, -1
j10i9k9m7h12i11i7i10i12k12j8l10j9j11l13k11h11l11m11h9g8m9j12o7n8m8m6l9l8n7k10, -1
j10i9k9j8k7h10l8i11m7n6l7j7o7n7l9l10m9n10, -1
j10i9j9j7j11j12i10k8k10l10h10g10h9g8h7i8, -1
j10i9k9m7k7i7i8k8h12i11h10h9j9k10j6j7j11j12l9m9h7i10g6f5h4i5h6h5, -1
j10i9k9j8h10i10l8i11i12i8i7g8h8h9j11e6f7g9f9g10j7, -1
j10i9k9j8i11h12m7l8h10g9g10i10k7h9f9g8f7j11k12k8i8m8n8l7j9l9k10, -1
j10i9h10j9g9k9l9e7j12i11i10g10k10l10j11m8i12h13k12l13, -1
j10i9j9j7j11j12i12l9i11k8i6l11h11g11f9g10h13g14i13i14g13j13, -1
j10i9k9l8i7i11g9i10i12j6j8h6i6j9k8k7i5i4l10m11m9k11h5j7h11k14j5g5g8h7g10f9, -1
j10i9k9j8l6l8h10i10i8k8n8j9l7h9h11j11g8f9g9k12l13i11j7m7n6f8g7g10g6g5m6o6j6k6n7n5l5o8j3k4l3l4, -1
j10i9k9l8k7i11k8k10k5k6i7l7l6l10m5n4j6h8m3l4j4m7j5l5, -1
j10i9i10g10k10l10j9j8k9k8l9l8i8l11n9m9k7n8m8, -1
j10i9h10i11h9i8i10g10l10k10j11k12g8f7j9j12h11k8, -1
j10i9k9l8i7l10l7j8k7j7j5k6i8i6l9k8n8g4h5h6j6k5i5g3g5f5g6j3h3f7f6e7h7g9k10j9n7m8m7o7o9p10, -1
j10i9j9j7j8k8m10j12h5h7k7k10k12j13j14h9k13k14m11l12m9m12m7m8l8k9, -1
j10i9j8j9l9k9i8k8h9k6k7k10h11l7m6k12k11m8n9j11f11g10h8h10f8g8f10f9e11g11, -1
j10i9j9j12j8j7i7l10h6g5k11i11l12k13h10i10i12n14i5i6k8l8g7j4f8e9h7k10h8h9h4h5f7e7i8g8f5g6, -1
j10i9k9m7k7i11i10k10m9h10g9j12l9n9l8n10j6i5l6l7m5n4k6m6i6h6k8k5, -1
j10i9h10i10i11j12g9h12f8e7i8g8f7f6d8f9i6h7d11e8e9d10g11h11g10g12i12, -1
j10i9j8k9j7j9l9i6h9j5i8g10k8l8g8h8m10n11k6l5k10l10j11i10, -1
j10i9i10g10j9g12k10l10k8l7j8j7i8h8, -1
j10i9j8j9g9l9k9i11l10m11i7h6h8f10k5j6k8i8k10m10, -1
j10i9h10k9j9k10j11j12i10g12j7j8g10f10h9i8, -1
j10i9i10k10h10j9h7k9l9l11m12k7k8n11g10f10i6j7g8j5h9h8, -1
j10i9j9j8h10l10i8i10k10h7i11j12l11m12k9l8k11k12, -1
j10i9k9h12i11l8h10j12g9g12i12i13e7f8k10i10k11k8j11h13, -1
j10i9k9j8l8i11l6i8i10h10g11h8g8h9h7g9f8, -1
j10i9i10j9l9h9g9g10j7l10e12m10o10h7h10j12m9e7h8f7g7g6i8e8h5c10d9f9d7e10g8, -1
j10i9j8k9j9j11j7j6i7g7l7k7k8m6i10h11m10l9k10l10i8l8, -1
j10i9h10i10i7i11i12j11f7h9k12j9g9h11k11, -1
j10i9j8k9l9j7k10i12m8n7l8k8l10l7, -1
j10i9h10i11i8g10g8i10i13j9f9h11g12k8l7k9l9k11j11, -1
j10i9i10j9h10g10k9l10h9h12l8m7k12j11k10k11l11j12i13m9n8n9m8k8j13i14h11l9k13h13f11g12f12o8l13m13h8h7f10f9e11g9, -1
j10i9k9h12i11h10g11k7m7l8m9m8j8j11l10m11h6i7n8k11o7p6o9l6l9n9p10q11n7p7m10k10, -1
j10i9h10h9g10i10g8g9f9k9j9j8i7j11e10h7f10d10d11c12f8f11e8d7, -1
j10i9k9m7i7j8l6k7i11h12l8l7n7h10g11h11h9k6n9h13h14j5i4k5k4j7j6l5i5, -1
j10i9i10k10h10k9k8h9j9h11j8j11j7j6m6l7m8l8m7m5m10m9, -1
j10i9j9j8g11h10l6i8i10g8h8l8k8l7j11h11j13j12k12l13m10l11l9n11k10l10, -1
j10i9i10g10h10j9l10k10h7l11m12h9k9m11k11g9f9g8g11g6g7f11i8i7h12i11i13j14, -1
j10i9h10i11i8g10h9h7h12h11j11i10i12j12j9g11j8j7k8h8l8m8k10h13l11m12l10l9k9k7, -1
j10i9i10j9l9h10k9h12l10l8k10m10j11i12k12k11, -1
j10i9k9m7k7k8l8h12n10m9m5l6n8m8m10k10l9n9l7l10k5o10i7h7j6h8i5h4l5j5m3l4o5n5m4m2n3k6o2p1o3l3, -1
j10i9h10i10i12h9f9j9k9i7i8k12j11h11k8k10l8m7, -1
j10i9i10h10g11j9l9h9g9k10h7k7h11f11g10g8g13g12j13i12h12i11i13h13, -1
j10i9h10i10i11k9h9h11k13j12k8j9i8g10m9g12f13i12h12, -1
j10i9i10k10k8j11l9m10h11j9h9i8l11h10i6g11j8g8j7h5l8l10m8n8m7k9m5m6l7k7l5l6j5k6, -1
j10i9k9l8k7k8n8l6i11i8j8l9l7i6j7, -1
j10i9j8i7i10j7l7k8l9l10f7j9g10h10g7g8h7f9g9g11e7d7e8e10h5g6e5e6f6d4h4h6, -1
j10i9j9j7i8g6l11k10j8m8j11j12i11k11l8k9k8h8l7i10l9l10m9m10l6l5m6n5j6k7, -1
j10i9i10j9k9m7k10h10l10m10k12k11j11h9l13m14n12m11i12l9h13g14j13h12i13k13i14i11, -1
j10i9j8j7k9i7i8l8h8g8k7h7k4g7f7g9g10f9i6, -1
j10i9k9h12l8m7l6h10j8i8l7l5l10l9, -1
j10i9k9l8j8j9i7l10l9g5m9n9g9m10i11o8p7l11k12o10n10m8l7, -1
j10i9j9j8k7i7h10i8i6i11i10g10k8l7k10l10, -1
j10i9i10k10j9l7j11j12j8j7h11g12h9g8k12l13i11k11h12g13, -1
j10i9k9i11i10g10k10l10k12k11j11l13g8h9j12j13i12h12, -1
j10i9j9j11i11h12j8j7k8l7i8h8l8m8k10h7l11m12l10i10k9m7, -1
j10i9j8k9j9j7j12j11i8l11l8k8k11k7k6l10h7g6l7l13l12m10l9k12j13, -1
j10i9i10j9h10k10h7h9k9g9f9f10e10g8h12i11g10e8h8f7d9c8d8e6d5e7e5d7b9, -1
j10i9i10g10j9h10j8j11h11g12k8l7l8m8j6j7i8h8k10l11k7m9, -1
j10i9h10j9k10i10i11k9h9h11g12l7k8h6i8j7i7h8f8g9l10g10l9e8f9m8m10n10n9l11f10f11g8f6h7e10e6f7i6j5e9i4, -1
j10i9k9l8j8i7i10j7k7k10f7i8i5j9l11h9k6h7g6g9f9h8h6, -1
j10i9j8j9i8k8k9i10l7l8h9k6k7i7l6i11f11g10f8h11g12i12i13, -1
j10i9h10k9j9k10k11j12j8j7i10f10h11k8g12f13h9h12j11k12, -1
j10i9k9i11i7g9j8h6l10m11j7j9l7k7l9l8m10k10, -1
j10i9h10i11h9i10i8f11j7k6h7h8j9j8, -1
j10i9j9j7j8i8i10g10h9j11l10k10k9m11h6i7l7k8l8m7, -1
j10i9j8j7i8h8h7k10k9l8i7h6l10m11i5m9g6f5k7i6g4l9k8m8n7, -1
j10i9j8k9j9j11k8h11j7j6l7m6m8l8k6j5k7m7h7i7i8h9, -1
j10i9k9l8j8i7j7j9i11j6h8k7m9h9h4g8h12g13j11f9g9i6h7, -1
j10i9h10i10j9i11i12i7i8h7j11j12h13k10j7j8g14f15h11h12g10h9, -1
j10i9h10j9h9i10i8h11g12i11i12f11g11h12l7g10l9g13l8l6l10l11k8j8j7m10k6l5k7k9, -1
j10i9i10l10k9m7h10g10h12i11j7h11k11g11f11g9g12f9i12, -1
j10i9k9j8l8m7l6h10g11k7i11h12m6h11h9l7j7k6n7m8j5i8i6k4k5h5k8g8m10l9k10l10n9k12o8p7, -1
j10i9j8i8i11i10i7k9j11j9l9h9g9k6j7k8h11, -1
j10i9i10k10h10f10j11k12k9j9h9h12h7h8l11g9i7f7j7k7l8m7l10m11, -1
j10i9k9l8i11h12g11k7m9h11h10i10j9j12g12l9j8j7l7g10i7h6m10m11l10i12j13k12l12h9i8, -1
j10i9j8i8j7j9h7i7i6l9k9i11i10k10j5g8j6j4l3k4h5g4i5g5h4k7, -1
j10i9i10g10h9g8k10l10k9k8l13g13i11l8j11k12l11k11j9j12, -1
j10i9j9j11j8i8i11j7i10k10k8l7i12k6l5m7k7m8j5l9n7n9o10m9o9, -1
j10i9i10h10j9j11l7k8k10k7j8h7l10m10j7j6k9i7l8i11, -1
j10i9j8i8i7k9j7j9h9l7l9k8i10k10k11, -1
j10i9i10l10j9j11j8j7k10l7g10h10k7h11k8k9i8h7, -1
j10i9h10k9j9k10j8j11k8l9m8l8j6j7l6m6i10h11i11k6k13j12i8l11l10i12h13k12l12j13g10, -1
j10i9k9j8h10l8i10k10k8j9k7k5j7l7l5l9l10h7i8k6m8h9i6g10h5g4k2g9f9h3i4j3f5i5g11i3k3g3f3j4l6g1, -1
j10i9i10l10h10g10h11l7j9g12h9h12j11j12, -1
j10i9k9h12j8i7i8l8j9j11j6j7h7g6k10l11l10i10m10n10m11n12k8k11k6k7g8h8i6j5, -1
j10i9j9j7j8j12l10k10l8k9k8i8l7m6, -1
j10i9h10k9i10g10k10l10j8j9h9h8m9j11m11l8g8h11i11i12j13l11l9g9f9l14m10m8f10f7g13h12m13m12j7k8e10d11h7i6i7k7, -1
j10i9i10h10g11i11j8j9g9h9h8g8g10i8k10g13l10m10i7j6, -1
j10i9h10i10i12i7i8j8l10k9j9g5h6f5k10l11h7g6h9h8j11h13j12j13l9m8m10n10j7g10, -1
j10i9h10h9i10g10j7l10g9j8l9k9m11k8k11k6k7l7m8j11i7h7i11j12e7f8o6n7m9m10j6l8, -1
j10i9h10k9j9k10k8i10i11j12j8j7h8i8k11h11g10j11g8i7i6k12l13i12h13, -1
j10i9i10g10j9j7g12h11j13h9i8k10k8f9e8g9e9h8h10g7g8i7h7, -1
j10i9k9l8j8j9l10m11i7h6i10k10h7l7f7g7g8h9f9e10i6j5f8f6h8i8f10f11, -1
j10i9i10h10j9j12j8j7h11k8m10g11l10k10k9i7m11n12m9m8l9n9l8l11, -1
j10i9j8k9i8h9j9j11j7j6k8l8g8h8i6l9h7g6, -1
j10i9j9j8k7l8k8i10i8k10i11g11g13h12j11j14i13j13k11l11h10j12k12j16j15l13k13l12l10i12l15k15g12i14l14g16h14l16m16h15f17k14, -1
j10i9k9h12i11h10h11k7j8j11h6i7m7l8j7i5j6j9j5j4i6k6g6f6h5g4h7k4, -1
j10i9j9j12j8j7i7k8k9h6l10m11i6i11i5i4i10k10g10m9h10f10l8l9m8h11m10f11g11f9f12g9d12f7f8e9h9g6h5d9c9e8, -1
j10i9k9h12m7l8l10k10i7j8h10k8i8l6m8m9k7l7l5n5m6m4n7o8p7i10p5o6p6p8o7q7q5r4s5p4n10j9h11n8r5o5, -1
j10i9j8k9k8l9j9j11j7j6i8h8m8l8k6l5l7i10, -1
j10i9h10k9k10i10i8h9j9l11l10j11k12g8f7h7k11m10k13k14j12i11, -1
j10i9j9j12j7j8k7l7l8m9i11k9l10m10l9l11i7m8m11n9o8, -1
j10i9k9i11j8j11k11i8i10k10j9j7l10i7m9n8l9n9l7k8, -1
j10i9k9l8j8i11j11j9i8k8m8m6l7l9k6j5n9o10h6i7i6j6h9j7i10g8l10k10m11n12k12l13m10m9, -1
j10i9h10j9k10i10k8i8i11k9h9l9m9f8h8h11h6h7f5i5i7k5g9f10f9e9g5f4e5d5l10j12n10m10n8o7l8k7, -1
j10i9i10j9h9k10h7h10k9k7j8j11m7l8m11l10l9l11m12l12m9m10n9o9o10l13l14m13n14m8k13j12k11n8o8i11k12k14g9q11o13j6, -1
j10i9h10j9i10g10l10k10h9h7i8h11k9g8f9g9g7i7j11j7l13k12m11n12l11l12, -1
j10i9k9m7h12i11i12i10k12j12k13i8i7k10k11l11j9j8h10k7k14k15h11h9, -1
j10i9k9l8j8l10i11l11l9j9k10k11j11m8n8j12i13i12k12h9m9n9g9h10k6h12h11g11f12h6f10l13l12h8h7m10g7o10p11o8p7n10, -1
j10i9k9m7k7k8l8i11j6i5n10m9i10m6m8l10n8n9l9h10n7k10n5j12g9k11i13k13l14k12k14l11j11, -1
j10i9j9i10i11j12j8j7l8k9h12g13i8k8k11l11k10m10l9k12j13o8n9l12m12l13l14, -1
j10i9k9j8l6m7k7k8m5l8i8o3o5o8l5n5l4l3n6k3k6m6, -1
j10i9i10j9h9k10h7i8h10h8g8j11f7e6g10f10g7i7, -1
j10i9j8i7j6i10i8j9k8l8h9k9h8g8k6j7h6i6, -1
j10i9j8j7i7k9j9j12i10k10k12j11k8l7h11g12i12i8m8g10h9l8g11m7h10h8h13h12j13k7n7o5n6l6l5l10l9m9k11, -1
j10i9i10j9k9h10h9k10i8j7j11k12h12i11f12j8k7j6j5i12j12j13h15l11m10m12n13k14h11l15m16l13n11l12l14k13k11, -1
j10i9i10h10f12j8k7h9h7h11h12j9g9k9l9l10m11i7h6j6i12g12j5i6h5h4k5i5i8j11i11g13i4k6i14i13g11f13h13e13e14l6, -1
j10i9i10j9k10h10m10l10l9k8m8n7m6k7j8h9g9k6k5j7i8h7h8, -1
j10i9i10l10h10g10h9g8h11h12g11h7j11i11j9j12, -1
j10i9k9l8l10i11i7j8i10k10k7j7k8h10j12j9k6k5m12g9k11i13m9n8m11m10n12o13l12k12l11n11, -1
j10i9j8j9g9i10k8k9l9i7i8l8g8h8j7i6g10g7, -1
j10i9j8k9i8k8k6j7l9l7m6j9k7i10h11h9g9g8f7i12i6k12j11j12h12m12l12k11k10i13i11, -1
j10i9i10k10h10g10j9h11j13j11i11k13g13h12k12h13i12i14g9f8j15h15h14j16g16f12g12g14j7f9i16f10f11e8d7f7f6c10d9h8g8e9, -1
j10i9h10j9k9i10h9h12i11k8l7j12g12i7h8h7i8g8g10j7g7i6h5, -1
j10i9j9i10j8j11i8l11j7j6h7g6l8k8l5k6l6l7i7g7k9l10, -1
j10i9j9j7j11j12h10i10i8m12i11l11h7g6h12g13l8k9h11h9, -1
j10i9j8i7j6i10i8j9g8h8k8h9k9l8h7h12g9g12h11g10k6k7i6h6, -1
j10i9h10k9g9j9l9i11i10g10h9h7k10l10j11m8, -1
j10i9j9j8k7k8m8h8i8g6k10l11m10l10m7m9n7l9, -1
j10i9h10k9j9j12i10g10k10l10k8h11m6l7j8j7i8l8, -1
j10i9i10g10j9g12k10l10k8l7j8j11i8l8, -1
j10i9j9j7i8l11j8j11l8k8l9h7k7k9l6l7h8g8m5n4j6m9i5h4i7g9i6i4, -1
j10i9i10g10j9j7h11k8h9j11g12f13h10h12h7h8k10l10, -1
j10i9j8i7i8k8j6k9j9j7k7l8i6g6l6k6g8k10j11j12n4m5h8f8h7j5h9h6, -1
j10i9j9j8i8l6k7h7m7l7h10l8l5l9l10k6m8m10i10k10g10f10m6m5h9f11h11g12, -1
j10i9k9l8k7l10l7k8j8j7o7l9m10o8n8l12l11n7k12j13m8i6h5l5m6i8i7, -1
j10i9k9j8h10i10m7l8i8m5h9h11j9l11i11g10j13g13j12j11, -1
j10i9k9h12h10m7i10k10j9l7g10f10j7j8h9i8h11g12h8h7j11g8j13j12, -1
j10i9h10i10j9j8i7j11i11f7f8g9g8l8h8e8h9h7h12h11, -1
j10i9i10j9k10h10k7k9h9m9l9j11l10m10l7l8m8n7k6j5j7i7, -1
j10i9k9l8k7k8m8j7j8i7i6m10l6j6l4l5m5n4n6k3m6o6, -1
j10i9k9m7j8j9i7l10g5h6i11h12g6g3g8g7i5f8h5f5i4j3, -1
j10i9h10j9k10i10k9k8h11h12h9i11i8m6l7i12i13j7j12e12l10k11h8h7m10n10m11j8n12o13m8m9l9l8, -1
j10i9h10i11k10i10i8i13i12j11h9h7g10f11h11j13, -1
j10i9j9j8g11l6k7k8l8m7j6i5k5i8i6h8g8i10i11m9k9h12g6h6m3l4j11h11g9j12g7, -1
j10i9j8j9k9i11l10i7i8m11k8h8k10m10, -1
j10i9i10j9k9h10h12i11j8g9f8j12k13h9f9f11i8h8h7i7j6l10g11f10e11g8f6f7g6k11i13h6j14k15e6l12l11m13e4f5c6d6, -1
j10i9k9i11j8i8i10l10i7j11h11l7j9g12j6j7g5h6h8g9h10g10, -1
j10i9j9j11j8j6i8h8h7k10k8m8l9g6i7j7l7m6l10l8, -1
j10i9i10h10g11h9k9i11g9h12h11g12f11f12e12d11h6j12i12f9j13k14d13c14j9j8k10k8m10l10l11m12, -1
j10i9h10j9k9g9i11h12m7l8g10i10l7f9h9j7h7h8i8e12g12f10e11f12f11d9e9i7j6h13g7h11h6f8f6g11g6i6f5e4e6d6, -1
j10i9k9m7j8i11j11j9i12k10j12g12j14j13m11l10l12k13, -1
j10i9j8k9l9j9g9k8k11k7k6h11i10l7k10h10l10m10l12l11m13n14j12i13i12j11, -1
j10i9i10h10g11j9k9h9k10k7l10m10k11k12h12i11i13j12, -1
j10i9i10k10k9h12m7l8f10h10j8j11h13m8l9m9j6n8o8n10o11l10k11p6o7o10m10n9p11, -1
j10i9j9j11i10h10h11g12l7k8g11j8l8k9k7k10l10l9i12i7m9j6m8m7k11n8k5h6g5i6g6, -1
j10i9i10l10j8j12h10g10k11j7l7l12h9g8h11h12k8j9h7h8m8l8j11i11k12l13, -1
j10i9j9i10j8j7i7j12l10k9i11i8h9l9m10k10k11m8j11l11h11g11h12h10g13f14m9g10e13n8f10n7o6o8p8k8l8k7k6h5i6n9, -1
j10i9j9j11j8i10j6j7i6i8i11h9k12, -1
j10i9i10k10k9l8j11k12k11j9i11l11m12i8h7m10n9j13i14l10l9n10o10j8k8k7m9, -1
j10i9j9j7j11j12i10h9k10h10l10m10l9m8l7l8, -1
j10i9h10h9j9j7j11j12i8k10g9g8e6k8k9h12l8m7f8e7l7l9i6m8m10l6m6j4k5j6j5k12i12h7i5l5h5g5f6i7g7h6, -1
j10i9k9h12l8m7l6h10k7f12g11h11h9h14h13g13i15d10e11f14e15g12e12e14f13, -1
j10i9j8j9k9i11m11l10i7g5g9i8h7j7h8j6i10h10k6h4h9k7i5l8h6h5g7f8f7e7, -1
j10i9i10k10k9i11l9m9h10f10j11j8j12j13h9g8k12l13h12h11, -1
j10i9i10l10h10g10k9h9k6j7j9k8i11l8j12j11, -1
j10i9j9j11j8j7k10i10i11k12h9h12i8h7l8k8k9m7l11m12l10i7, -1
j10i9h10h9g10i10j9i11i12f9g9i7i8j7j11j12k10l11, -1
j10i9i10k10j9k8j7j8k7k9i7h7h10h8i8g10l7m7m8k6k11h11j13h6h5f9e8i6j6, -1
j10i9i10l10g10h10g11g8k9h12h9g13l8m7i8j7f11e12h11e11k8j8, -1
j10i9j9i10j11j8g11i8i11h11j13j12g13h12h13i13g14i12, -1
j10i9i10k10j11j9k9l11i8k12h9l8g8f7g10j7h10f10h8j8, -1
j10i9j9j11i11k9k10l10i8h7j7j8m11i7h6h9h10g9i10g10m12l11m10m9k8l9, -1
j10i9j8j9h9k9k8i8l9i6i7k10l11g6h7j7h5h6f6k6j6k5g7e7l5k12e5d4l10l12f5g5l8l7f4f3f8f7g3h2d6c7, -1
j10i9j9j8h10i10i8i11l11k10j11i12i13j12l12k11h12l14k13j14h13h11, -1
j10i9i10g10l10k10j9k8j11j12j8j7k9m11h6i7i11h12l11l13l8m7, -1
j10i9j8k9k8l8j6j9h9i10i7l9m9l11l10i12i11k10j11, -1
j10i9h10h9k9g10i11l8f11h11f9f8g13h12j13j12h13i13l10g11j14f10e9g8g9i10j11g12f13, -1
j10i9j8i8j7j9i6i10i11k8l7h11g12k9h9k10k7, -1
j10i9j9j11i10k10k8l7m8l9l8n8j8i8j6j7h11g12k7i5m9n10m7m10, -1
j10i9h10h9i10g10k9j7i8k10g9i11l9l7k7m9k8j9m7l8k5k6j8h6m11l10n8l6j5l5l4h8m4i6j6m3j4k4h5m6n7n9, -1
j10i9i10l10j8l8l7j9h10g10g9j12k9m9k11n10k7o11p12m10o10m12m11l11k10, -1
j10i9h10h9k9i10i11h12k12g9f9g8f7g11g10i12f8f10e9g7f6f5m7l8e8d7g6d9e6e7, -1
j10i9h10k9i10k10j9j8k8h11j11j12m6l7l6k12k6n6k11h6i7m11l10o7i6j6g10f10j7h5i8h9l5m4i5i4h7g7k4n7, -1
j10i9h10i10i12i11h11h12f9g10g8i6d11e10i7f11i8g12d9e12d13h13i14g11g13e9e11, -1
j10i9k9i11i7h10j8h6l10m11k10m10k7k8j7j9, -1
j10i9h10i10j9j8i12l8i8l11g6h7l9k8j11k10j12j13i11g9h12k12, -1
j10i9i10k10j9j11h11k8i12k9k7k12k11h10f12g12j7j8l8g10m9n10j6i5l10n8l7m7, -1
j10i9i10g10k10l10h9g8j8g9g7g12g11j11i11l8i12i14h12g13h13g14f10e9h11h10h14h15g16d11f11e11e12f12i13j14f9f8k12j12k14d10, -1
j10i9k9j8i11h12h10g9m7l8m8m9k10i10k7k8n7l9, -1
j10i9j8j7j9j11i10h11k8g10m6l7i8h8k10h7, -1
j10i9k9i11j8j11m11l10i7i10i12h9g8l13k12k11h11j12i13g9h10, -1
j10i9i10l10g10h10j8j12g9g11j7j9g8h9g6g7h8i8j6i7j5j4i6h6, -1
j10i9i10j9k10l10h9l13h10g10h12h11k12k9i12j12j11g8, -1
j10i9k9i11h10i7i10g10k10l10k12k11j11l13h9g8h13i12h11h12j9g12, -1
j10i9k9j8i11h12m7l8l6h10g11h11h13h9h8k8m8f9g9g10e8i12j13j7i8j6j5f10e10f12f11, -1
j10i9i10l10h10g10k9h12g9e7h9h7j11k12j12j9, -1
j10i9h10k9i10k10k12h9j9j11i12i11g10f10h11g12, -1
j10i9h10i10i11l8h12g13h11h9h13h14j11k11j12g9, -1
j10i9i10k10j9j8j11k8k7k12l8j13m9j6n10o11k9i11m7n6l9n9l7l10, -1
j10i9k9l8i11l10l11g13j8j11m9i7g9j12j13k12i10g10i8m12l12i12k11g12h12g14g11, -1
j10i9j8j7m7j9g9k9l9l7m6k8m8m5m10m9k10n7, -1
j10i9j9j8l6h10g11i8i10i6h11g12i11j11f11e11l8k9l7k8, -1
j10i9i10j9h9k9m9l10k12j11n12m12l11m10m11h10k11k7j8k8k6o10n10n11p9, -1
j10i9i10k10j11j8h9k12g8f7h10h7g10f10i8f11k6j7h11h12j13j12, -1
j10i9j9j8i8g6l11k10j11j13g11m11l10l13i11l8h11, -1
j10i9i10k10j9j8k8h11j11j13h9g8l13k12g10h10g11g13m10j7i8l6k7i14h15h13i13j15k16h12h14j14j16e15f14j12g12k13k11, -1
j10i9k9i11j8j9i8l8i10l10g8h8h9j11g10j7, -1
j10i9k9h12l8m7l6h10l7l5l9l10n9m9m8k6o10p11n7o6n8n6, -1
j10i9h10i11i10g10h9h11j13j11g11l11k11k10i8e8f9e6h13i13e7m8l9h6k6g6f6g5j7l5k8i6m10n11j8h8j9j6l7m6k7k5, -1
j10i9j8k9k8j9l9i8l11h9g9h7g6j7k6i7g7, -1
j10i9k9i11h10i8i10g10l10k10i7j8h8h9f11j7k6g9f9j6j5g8g11k7m9l8l7i4o7n8f10f12i13h12f7f8e11d11j12k11j11j13, -1
j10i9j8i8j9j11i11j7i7k9k6k10k8m8l9i10h9k12m10l13m14m6o12n11p11n13k13m12k14l14l11l12j12p9o10l16l15m7m5o8n7n14, -1
j10i9i10k10h10g10k9m7i11h12j12g9k13l14j11j13j8j9m11l10l11k11l12j14o9n10k12h9, -1
j10i9h10i10i11j12g13h12i12i13g11g12k11j11h9j13m13j16k13k12l13j14j15l16k15h15i14f13h11i16k16, -1
j10i9h10i11h9i10i8f11j7k6h7h8j9k10, -1
j10i9j9j11j8i8j6j7i6i10i11h9g8, -1
j10i9j8i8j9j11j6j7i7i11g10k6l5g9l4k5l7l6i10h10, -1
j10i9i10g10h9h10g11j8g8j11l6k10e6f7e10e8c10f9d7i12h11, -1
j10i9j8j9h9k9m9i10i8l8h8g8g10j7h7h6h11h10g6m7f11e12e4f5e8f9g11i11e11d11g12g13e10h13d9c8, -1
j10i9j8i7j6i8i6i10i11j7h7g8h9h6k6m7k9h12h8m6k7k8h11h10m9l8l9n9j11g11k11l11, -1
j10i9h10h9i10k10g10f10f9j9k9h7i8d7i12h11h8h12e9g8g11g12d9c9e7e6l8m7j8k8h6i7f8g7, -1
j10i9h10h9j9g10j11j12i8g6j8j7k10l11i10l10k8h11, -1
j10i9h10i10i7i11i12j11f7h9k12j9k9h11g11, -1
j10i9j9j12h10l10j8j7l7i10i7i8i12h9k6j11g8l13k12f11g10k11m9l11l12, -1
j10i9k9i11i7h10j8h6l10m11k10m10k7k8j7h7, -1
j10i9k9j8l6i11g11i10i8g9i13j12h10h12g13h9f9k12i12, -1
j10i9j8k9i8k8k10j9l9i10h11h9g9i12i11g8j11k11j12h10g11f11j13j14g10g13k13f9i13l13l7f7e6f8f10h7i6h8h6f6f5g7, -1
j10i9j8k9j7j9h9k8i10g10k7h7i8m9l9k10f7g8m7l7k12f9e10e8h11m6n5l5j11l13h12h10j12i12j13j14h15i14h14h13k11i11, -1
j10i9h10h9g9k9i10k10g10f10j12i11g12g11j9j11, -1
j10i9j8j7k9i7i10m7k10h10l10m10m11n12k12k11h12i11j11h9, -1
j10i9h10j9h9h7k9h12k10i10i12i8i7k8l7h11g12l9j8l10h13l8e10f11h6g5g6l11l12n11m10g11e11i13j14e9f10m11o11j11, -1
j10i9j8k9i8l8j9j11j7j6k10l11h7g6h8g8h9k6, -1
j10i9h10i10i11g9h12g13k9l8h13h11k8g12f13g10g11f9e8, -1
j10i9i10h10g11j9h9j11i11g13k10k9l10m10l9i13l11l8h13l13m12n13m13m8j8m14k12m9m7p11o12n8o8n9o10n10o11, -1
j10i9j8j9k9l10i7g5l8i11m7n6k8i8n8m8k5l6j6l4, -1
j10i9i10h10j8j9k9h9l10m11k10m10h6i7l8m7k8m8, -1
j10i9j8j9h9i10h11i11i12k8h10h12i7l7m6k9h7h8j7g7g10f9, -1
j10i9j8k9j9j11k10i10l11i8i7j7h9m12k12i11i12k11j13m10i14h15h11k14h12j12, -1
j10i9i10j9l9k10h7h9g9g10m12k7k9j8h10i11j7l6m5k8i8k6k4m6j6n6o6j5l7l8m8m9o11o5m7n7n5o8p9l3o10n11, -1
j10i9j9i10j7j8i11k7l6g11h10l8h12g13j12g9j11j13k13l14h11h13l11k11i8k10h9h8, -1
j10i9h10j9g9k10h7i10h9h8i7l11m12k8l7h11g12i11i12, -1
j10i9h10i11i10g10k10l10l9h9j9j11j7k8k11k9h11h7k7m7m8l8o5j8i7m11n12n7g12f13m12l11l12o12n14m13k12j12k14k13n11l13, -1
j10i9k9l8j8i11i10l10l7j9h10g10k11h9k10k12k7k8i7j7i8f9g9l9i6m10n11l11l12, -1
j10i9j8i8j9j11j6j7k6i6i7k8h5i10k5h8m3l4k3k4h6g5k9l10h3h4m7l8j4i5, -1
j10i9k9h12m7l8j8l10m9j9m6m8l7l9n7o7k7j7k4l5n5o4k6n6k5, -1
j10i9h10k9h9h8j8j6i10g10j11g8, -1
j10i9h10k9g9i10e7f8i7f10f7j9l9h11k8f13g12f11i11f12, -1
j10i9k9j8i11h12m7l8h10g9g10i10h9j7h11f11h8h7j11k11j13i12, -1
j10i9j8i7i10j9i8k8h9g10k10l10l9j11k6h8j7l5m6g9j6l6l8i11g11f10e11k11l11j12m9, -1
j10i9j9i10i8i11l11k10j11j12i12j8h10k12k11m11m13l10k9n12l12n14p14n13n15l14m14n10n11m10o10m9m8p12o11, -1
j10i9j9j12h10h12g12i10i11j11h9i8j8i6i7j7h7h8k8l10l8h6m7k9m6m8l7n5l5l6n7o7, -1
j10i9h10i10j9i11i8l11j7j8h7g6h9h8, -1
j10i9j9j12h10j7g10i10i8m12h9h7e12f11h12h11i11g13k9l8g9g12f8e7g8h8, -1
