game, winner
j10i9k9m7i7j8i11h12g11l6k7h11k6k8k5h10h9j7k4k3i4l4i6i5j5l7h7g8l3, b
j10i9k9m7i7k7i11h12l7j8l6l8m9j6j5k6i5h10g11i8k8h9j7h11h13h8, w
j10i9h10k9h9k10i10k8k11h8g10f10j11k12g8f7j7i8h11i11j13i12j12j14j9, b
j10i9h10j9k9k10i10h7i8h9g9i11e10e7g8g10g7h8f11f9e8g5h6i5d8h5f5c8k5l8h13g12h11j6k7g11k8k6h12h14i6g14i14g13, w
j10i9i10g10h10g9h9h11g8f7e8j13i12j11h7h8i11i14m10f9f10l11k12h12f8l14l12k10i8m12n13j14k14j15j12j16j17k15i13i17h18m13, w
j10i9j8k9j9j7k10i8j11j12i10l10g10h10g8h9h11g12i12f9h13g14l9, b
j10i9j9j11k10l11m10l10m11m9l9i10k12k11j12i11h11i12i13i8, w
j10i9h10h9g10i10g9j11g8g11i11f8h12g13j12k13g7g6g12i12i6k12l13k10k11h13g14l9, w
j10i9j9j8g11h10i11h12k7l8j12j11l10h11h13h7k10m10m12l11k11i13k12l12k13k14k9, b
j10i9h10i11i8i10h9h8f11g10i14h11i12g12f13j11k11k12k8f12g11e11g13e12d12d13i13h13i15i16h14j12j14k14h12k15f10, b
j10i9i10l10k9l8k7k10l9k8h10j9i8l7g10f10h9f11h12h11i11g13k6j7g8j11f8h8g9j12e7, b
j10i9j9j11i8h7k10l11k11l10j8k8g8l8l9j7k12k13h10h8l12h6h5k7i7k6k5j6i5i6g6l6, w
j10i9j8k9k8h8l9j7j9l7j11j12m8k10l8i8n8, b
j10i9h10i11j9i10i8i12i13l11j7j8h7g6h9k6h8h11h6, b
j10i9h10h9g10i10j9j11g8f9i8f8g9g11g6g7h7k10f5, b
j10i9j8j9k9l10h12i11i8k8h9h10j7k6j12i12i10f8f11g10h11g8g9j5f10f12g11i13e11d11d12c13h8, b
j10i9j9i10i8i11l11k10i13j7j11j12l14h7k11h10g9k7i7j8g11l6, w
j10i9i10l10j8j9k9h10m7l8l7i11o7n7h9f8g9f7k7j11i7j7g5h6k6k8i4j5j6h8l6m6m5n4k5j4l4m3n6p8k3, b
j10i9h10i11i8k10j11j8i10j9g10f10h9k12f11e12j7, b
j10i9j9j8g11k7l6l7i7m7n7j6m6l8m9l9k4l5l10i5h4n6o5k8m8k5j5k6k9j7m4m10n11i6, w
j10i9j8i8i11j7g10i10i6m7g13h12j9g12j12j11g8g9k6k12l13h7j6l6g6h6k5g7k7k4k9k8m9l8l10m11k11i13n8, b
j10i9h10i11i10g10h11j9h8h9k9l10f9f11i8g8g12f13d13f12f14h14g9e11g13d11c11g15e15d16c9e12g14c10b9e13e10c15d14e17b14f16d18i13, w
j10i9i10k10j11j9l11k11k9h10k12l13j13i14j12j14h12i11i12g12l12, b
j10i9k9h12m7l8j8i7l10j9i8k8m10k10n8m9p10o9n10o10n12m11o11m13n9n11n7n6p7o7o8l11q6, b
j10i9j8j7i8h8j9j11h7k10g6f5m8f6f9f7f4g8e5h9i10i12h13h10k8l8h11g12l7, b
j10i9j8i8i11i7i6l8j6j9g6h6l11h9k9g9f9j7k6h7h8g7f7k7, w
j10i9h10i11i10g10j9j11h11k8h9h8j8j6g8h12i7l10f7e6g12f13g5h6g7g6h7e7j7, b
j10i9k9h12h10i10m7l8i8k8j8l7j9j7l9j12m9n9m11l10m8m10k10l11j11i12n7, b
j10i9i10k10k8j9k9i8h7h10k7i7i6j7k6k5j6h6l8m7m9n10i5, b
j10i9j8j9l9h9g9g8j11h8f8h6h7h10k10i12m8n7m10l10k8j7l8i8n8, b
j10i9h10h9j9g10g9j12i11i8f11j7k6l8f8e7h12g13h11g11h13h14g12i10i14j15e10, b
j10i9i10k10k8h10h11j9k9g11f12i11k7g9j12h9f9e7f8i8h7g10g8f11e12j7, w
j10i9i10j9l9k10l11h10k9l8k7i11k8g9f8h9f9h7h8i8g6k13j12g11f12g10j7g12g13g8, w
j10i9h10i11i10k10f10g10j9k8j7j8j11k12h8h9g9e11j12j13f11k9k11k7k6l6m5m8l8m10l11m11m9l10n12i7, w
j10i9k9l8j8h6i11j9g13h12i7j6i6i8k7k10h7j7l11g10h9j5j11m11h11k11g11f11k12i10j13i14j12j14n9m10h10h8k13l14g9, b
j10i9k9m7i11h12k7h10f12m9k8k6h11k11m8j12l10j8k10m10l9n7i12j11f9g10l11l12j9i10m12n13i8, b
j10i9k9j8h10i10i11h12j12k13j11j13i13k11k12l13l8m7l12m12h11g11g9f8l6e9l7l5l9l10n9m9m8k10o10p11k6, b
j10i9j9j8k7i7k9i11h10k10l8j6i8n6i10k5h8h11j11m6g10f10h9g8f11e12j7, b
j10i9k9i11i7g9i10l10h10g10g12h11f9g8g7f11g11j7j11j12l13k12m12i12j13k13k11h12l12g13m13n14l14l15n11o10m11l11m14m15m10, b
j10i9j9j12j7j8h10k7l6i10i8i11k6l5h9g10h7h8k10l11g6, b
j10i9j9j7j8k8m10j11k10l10i8h7l11m12i6g8o8n9i7k12h9l13m14n11o10n12n10l12j12o12, w
j10i9j9i10j8j11i7i11i12k12l13g8h9h11g11g5j7j6i8g10h7g7k10l11g6, b
j10i9j9j12h10j7l10g10i8g6k10i10l11m12h7, b
j10i9j8k9j7j9l9i8k8m10i6h5h7i7h9i10i11h8j6j5g6h6g5m8m9l11g9k6l7l8g3g4g8g7f9e10e9d9f8h10f6f7h4i5i3e7j2, b
j10i9i10j9k9k10h9k12j11h12h10l11i8g10g8f7h8f8h7h11h6, b
j10i9h10k9j9i10i8j7h7k10h9h8j11j12i11h12k12l11k8l7h11g11g7g10g12i13f10l10k11l8l9j14k15i7j8k7m7j6k5m9n10i5, w
j10i9i10h10f12h12j9h9h11g12f9j8k7g10j12f11e12e10d9f10d10g11g13i13j14e9, w
j10i9j8k9l9k8k7j9l7i7n7m7l8l6l10l11k10m8i10h10m10, b
j10i9i10k10j9h10j8j7j12j11l7k8l9k11k9l8i11h12m9n9i12m11i13i14h11k14g12f13l14n11l11n10n8k13k12l12j14o9, w
j10i9i10h10j8j9l9k9h9f7k10j11m10l10o12n11m11m12l13l12k12l11k11n13n12o10m8o6k13k14j13i13k8l8j7i6m7m9k6i8l7j5k7i7n7, b
j10i9i10h10j9h11h12j12i11g13i13i12g11f10k10j8k9l8m10l10j14k15k12k11l11j13m12n13i8, b
j10i9j9j8i8k7l6g6h7h10g11k10j12j6h4l8m9h6i6k9k8i7l10g5, w
j10i9k9l8k7l10l7o7j7i7n7m7k8k10j9i10j8j11j6, b
j10i9j8i7i10f10j9j11j7j6k8h11m10l9k10l10l7m6h10g10i8h7h8g8l8, b
j10i9j8j9h9i10k8i11i8l8h8g8k6j7h6h7k9i7k7k10k5, b
j10i9k9m7k7m9h12i11m10k10i12j12l10j8g11k8j14i13h14i8h8m8l8m6m5j9h7i10i7l7, w
j10i9j8i7j7j9k9i11i6h9k8h5m10l9k10k7l10i10n10, b
j10i9j9j11j8i10g8i8i11i6i7k9j7j6g7h7h6g5f8e9g9g10h10j12e7, b
j10i9j9j12j7j8l6k7l8h10g11k9l7l5k8i10l9l10m10n11i6, b
j10i9h10h9i10g10j9j7i8k10j12j11i11g9k13l14l8k9k8j8h11g12l7, b
j10i9i10l10h10g10h9h11i12g8h7h8i8g7g9f8j9k10j12j11i11k13h12k12g13f14k9, b
j10i9j9j8l6l8h10k8i8k10k6m8n8k9k11l9n7l10m11l11l12l7, w
j10i9h10h9k9i11i10g10k10l10j9k8l11i8j7j8l8g8h8f11e12g11g9h11e11j11, w
j10i9i10l10j9l7j11j12j7j8h9k12g10i8h10f10k10, b
j10i9i10g10j9g12k10l10k8l7j8j7i8l8l11m12h7, b
j10i9j8j7k9i11m7i8i10l10i7g10h9l8j11g8g9l9l11l6l7j9h6g5h8j6h7h10h5, b
j10i9i10k10k8l9l7j9k9k7i8l8h9k6g10f11h10f10h12h11i11g13j12k13k12i12j11l13g8, b
j10i9j9j7j12j11h10g10i11g9k13l14h12g13k9l8k12i12k10k11m12l11l12n12i10l10m11j14m9m10o9n10h11h13g12f13k8, b
j10i9k9h12l8m7m9j6l9n9l10l11l6l7n10o11m10k10m11j8m12m13m8, b
j10i9j8j9g9i7i8k9l9k8l7k6k7l6i10l10n7m7g10h10g8g7h9j11f11e12j7, b
j10i9j8i7j6j7i8k7h7h8m7k10j9m8k9l8n7m9n10n8o8l10o7p7g6f5m6l5q10p9o10p10o9o11o6, b
j10i9i10h10j8j9k9i11h9j11m11l10g11k11j12l11h11l9l12k10i8i12h13m8, w
j10i9k9l8j8i11l10m11i7h6j7j9k7h7k10i10k8k11k6, b
j10i9j8j7m7k9k7m9l9i8j9j12l10i10i11l12k6i6i7k10k12h6l7l8n7o7m8n9o6p5j5i4k4k5m6l5l6n6m5m4n4, b
j10i9j8k9i8l8j9j11j7j6k10h7l11m12m10l10g10h9k12j13o8n9h8g8i10h10k8l9h11g12l7, b
j10i9j8j9g9l9k9i7i11l8h12g13h10j12f8e7h11h9h13h14k11j11k10k12i10g10l10, b
j10i9j9j7i8k10j12j11h7m8l9g6i12h12k9i11h11i10m9n9f9g10g8i6d11e10j8h8l10m11k11i13n8, b
j10i9k9h12m7l8l6j8h10n8i10g10k10l10k8k7m9m8k12k11j9l7j11h9j13j12l11i8i14h15m10, b
j10i9k9i11j8i7i8j11h8g8k8l8j9k10j7j6h9g10h11i10h10h12h7, b
j10i9j8k9i8h9j9j11j7j6k8h8m8l8m10l9k10l11l10i10n10, b
j10i9h10k9k10i10i11i8l9j11g9j12i6g8h9h8f8e7j8h12f6k8f9f7e9d9h6g7g6e6j6, b
j10i9h10i10j9j8j11i8i7h8k8i11i12j13g8k7m5l9h7g7h13g14e10f9h12h11g12j12f11i14d9, b
j10i9h10i10j9i11i8j11l11k10i12k12h9h11g11g10k11l9j7l5m8l12l7n9j8j6l8k8m7k7k9n6m9m6l10m11j12i13n8, b
j10i9j8i8i11j7g10k9j9k6l5i6i7k8l9k7k10k5, w
j10i9j8i8j9j11i10k10k8h11j7j6l7m6l9i6m10n11i7k7l10k9l8l11l6, b
j10i9h10i10i7k9h9i11i12j9l7h11g12g11j11h12k10h13l9m8l10l8m10n10j7k8k7h7m7, b
j10i9i10g10h10l10h11h8j9g12l7k8j12j11h12h13i11g9g13f14k9, b
j10i9j8k9j9j11k8j7i8l8h8g8k10h7i10h10h11g12l7, b
j10i9i10h10f12j9f9h9k9h7h8k7j8i8g6j7g10i7g7l7, w
j10i9i10k10j9j8k7j11n7l7l9k9m8m11l10k11l11k12k13k8, w
j10i9k9l8j8j9i11h12l10i7m11n12k10m10h10i10j12g9k11k13i13h14m9, b
j10i9j8k9j7j9l9i6i7g9h9g7l7k7l8l10i8g10k8h8m8, b
j10i9i10h10j9l7j8j7j12j11k8k7i7l8m9l10l9m7n7m8n9k9h11g12n6n8k5l4l6o9o8m6j6g9m5l11l5j5n5o5n3n4m4o2p7q6o6q8l3, b
j10i9j8j9g9i7k9m7i8l8g8h8g10g7g11g12i10h10h9f11j11k12f7, b
j10i9h10k9j9k10k11j12j11i11i10h9j7j8i7l7k8m11h11g12g10f10h7g7i6l9f9e8g8e10j5, b
j10i9j9i10j7j8i8h9g8h8h10i11h7k10g6f5g7g5i7f7k7, b
j10i9i10j9k9h10j8h9l10i7k10m10m11n12l8i11k8i8k11k12k7, b
j10i9i10j9h9h10j8j11m8l9m9k8k10m10n11j7i6k6m6m4l5k7k5m7l7i5o8n7n8p8o7p6l10k11n5m5o4p3o5o6l4l6i7k9j6h8m3, b
j10i9j8j9l9g9h9i7i10h8f10g8g11g7g6k5j6f6e5f8e8f7f5h7e7j7, w
j10i9j9j8h10i10i8i11i13l11k11l12l9l10j12j11l13j13k9k12i14n9m10o12h14g15k8j7k10k7h7g6k14j14i16i15j15h17m12, b
j10i9k9i11j8i8i10l10g10h10j12j11i7l11k11l9l12k10i12j9m12h7, w
j10i9i10g10h9f7j11k12j9j12j7j8l7k8k7m7h7i7k10i8l10h10m10, b
j10i9h10h9k9g10k6i8f11g9f9i7i10i5i6g8g7h8f10f8e8j8, w
j10i9i10h10k7g11f12j9f9f11h9h11e11g8g9i11j11g13k12l13d12f10e9d9e12e10c12b12g12, b
j10i9k9j8l6i11h10i10i8h11k11g11f11i12i13g10f9g12g9f13e14j9, w
j10i9i10k10h10k9j9k8k7j7g10f10j11j12h11h9g12f13g11g13i11f11k11, b
j10i9h10j9k9i11i10g10l10k10i7j8l11l9h7j11m8i12h13h11f9g11f11k11, w
j10i9h10i11i10g10h11j9h7k10k9h13h8h9g12g9f9j7i8g8g7h5f13e14e12f7j8e6d5g6e8j3i4g4i6f5h3f6d6f4f8f3, w
j10i9j8k9i8h9j9j11j7j6k8l8g8h8i6h5h7k10f9e10j5, b
j10i9k9i11i10g10k10l10k12k11j11l13g8h9j12j13i12h12h13g14l9, b
j10i9k9j8i11h12k7l8k8k6h10k10k13j12l7i7j9m6m7n7g12l5k4i8j7i6i10i5, w
j10i9j9i10j8j11g8i7i8h8h7k10g6f5j6j7i6j5h6f6k6, b
j10i9j9j12h10l10i10g10l7k8g12j7l9k11m9i13h14k9k10j8m11i8l8h9f11k6, w
j10i9j9j12i11l8h12g13g11i13h11f11k11j11i10g12h10h9g10f10k10, b
j10i9i10k10k8h10j8j9i8l8k9l10h9g8g10f11j7k6l7l9j11l11l12k7i11g11n10f12e13m12n13j6i5i6h6f9h7f10f13f8, w
j10i9h10j9i10k10h7k9l9k7k8j8g10f10i6j7h9h8g8f7f9e10j5, b
j10i9i10h10j8j11k10m10l11j9m12n13k9k13k8k7l8i8i11h12m7, b
j10i9j8i8j9j11i7j6i10l10h6g5h11k8k10g10f11g12l11g13g11e11h14m12g14f12j14i14h12i13h13h15h10, b
j10i9j9j8l6i10i11k9l10j11l13i8g8k8l8k7k10i7i6k6k5h10g11g5h6j7h9h7g7l7, w
j10i9h10h9k9i10g9i11i8j11g8h8g7g6l11h6k12k10i12h11g11g10n9m10l9m9l12l10j12h12m12, b
j10i9i10h10f12h9h12j8k7f9g9h7h8g8i6i7g13i11e11h14f10d12d10c9e10c10e9g11e12e13e8, b
j10i9j9j11k10i8i10h10j8h11j7j6m10l10k8l9l7m6k7k9i7h7m7, b
j10i9j9j7i8k10j8h8j11j12h7k9k7k12k11k8i6g6g8f9i11l11h12m10j13l9n11l12l10m12i12n12, w
j10i9j9i10i11j11k9l8i8l11l9h9g8k12l13h7n9m9h8f8j8k8j6j7i7l10g9f10k5, b
j10i9j9j11i10j8h10g10g12h11k8l10i11j12k9h12m7l8l7m6k7k10j7i7n7, b
j10i9k9l8k7l10l7l9j7m7i7h7k8k10j9i10j8j11j6, b
j10i9k9i11i7j8g11i10i12l6k7j7n6j6j5k6i6i8l5h9g10g8f7h8f8k8, w
j10i9i10h10j8k9k10l9j9j7j11j12m10l10g8h9i8h7h8f8k8, b
j10i9j9j12j7j8k7h7l7m7k8m6i10h11k10l10k9k11k6, b
j10i9i10h10j9l7j8j7j12j11h11g12l10m7k7m10m9k11l8j6n10o11k8i8k9k6m11n12i7, b
j10i9j9i10i11j11l8k9j8k8k10j6l11m12i8h7k12l9n9m10n11i6j7g8f9h9f7h6g6h8h10h5, w
j10i9i10g10j9j7i8k10l7k8j8k9k11k6k7l6i6j11i12j6m6n7m8m4m10n5m7m9n9l5n3l3o6l4l2k5i7m5j5o5, w
j10i9i10h10j9h11h9j11g11g10h12k10i12j8i11g13i13i14j14k15f10, b
j10i9j8j9g9i7i8k8k9g12i11l8h12g13h10j12f8e7h11h13h8h9g8, b
j10i9j9j8g11l6k7m7k5l8k8k6n6j6i6m6i10h11k10l10g10h10h7i8g8f9g9g12g7, b
j10i9i10h10j8j11h11k8g11m10g12f13g10g13g8g9f11e11f9e8e10d9d11c12h7, b
j10i9h10j9i10k10g10f10h9h12i8j7f11e12h8h7g8j8j11k12f7, b
j10i9i10j9k10l10h9h10l13k12j8k9g8f7m9g11e13l8m11m12m7m10l11n11l12j7j14k13k11l9k8i11j12l7l6n10l14l15m13n14j16k15k14i14j4k5j13j15j11, b
j10i9j8k9j9j11i10j7k8l7h11g12i8l8k10l10l11m12h7, b
j10i9h10k9j9i10i11j12h12j11h13h11g12g13j8f12j15i14h14i8i7h15k12j6h6f7g5f4f5h5e7g16f17h9g8j7k6g10f11e8f9g6d9i4, w
j10i9j9j12i11l8g13h12j8j7i13g12i12i14f13h13f11j15k16h15h14j13k12j14j16j11, w
j10i9j8j7m7k9j9j12k8h8m6l7m8m5l8i8n8, b
j10i9j9i10j7j8k7i8i11i7i6k8l8k9h6j6h8h10l10k11g11h11h7h5k10f9m10n10l9l7l11l12m12n13j13k12j11j12i12h13m8, b
j10i9k9h12j8l8l10m11i7h6k10i10n10m10k7k8j7l7j9j11j6, b
j10i9k9j8i11h12k7h10k10k8l8m7m9n10i5j6l9n9l10l7l11l12k11n8j11h11m11, b
j10i9k9j8k7i11i10k10k8k5m7l7l8n6m9j6m8m10n8o8n10o11n9n11l9j9o9, b
j10i9k9m7j8j9m11l10m8i7i11h12l8k8g9l7i10h10k7h11h9n10f7g8i5j6n8i12k12m6n5h13h14f12g12g11e13f9g10f10f11i13j14e9, w
j10i9h10j9h9h7i8g10i10h11f7g8f9f8j7g9g11d8e8e7h5g6g7d6c5f6c9e6c6h6, w
j10i9j9j11k10h10h7i8j8i6i7l10j7j6g7f7k7, b
j10i9i10g10k10l10k9k7k12k11j11h9l13m14j12j9i12l12h13g14l9, b
j10i9j9j12i11j8h10l8i10g10k10l10h12g13h11g12h13h14h9, b
j10i9h10k9i10k10j9j11j8h13i12k8k11k7k6j7h11g10g12f13h8h9j12h12i11k13i13i14h14g15l10, b
j10i9j9j8g11h10k7i7j12i8i10i6i5g8h8g5h6h7f9g7f7g6g9g4, w
j10i9j8j9h9i8i11h7k10i10k8k9f5l9m9i7i6h11j7g4j4f7j6j5l6k6m7k5m8m6l8n8k7n10i5, b
j10i9i10k10k9m7j8j11i11h12j9m8l9m9m10k8i12i13f10h10j7j6h11m6m5j14k15l6k6n8k5l8o8k7n10i5, w
j10i9i10h10j8j12k9i11g9g11l10i7k10m10m11n12k8k7j9h11j7j11j6, b
j10i9j9j12i11j8h12g13g11l8h11j11f11e11h9h10i13j14f10e9i12i14f9f8g10j13e8, b
j10i9j8j9h9h7i7l10i10k10i8g8k6j7h6g5k8l8k5k7j6h8i6g6l6, b
j10i9h10i11h9i10i8f11j7k6h7h8j9j8k10l11g6, b
j10i9k9m7h12i11h10i7h9h11i10g10k10l10k12j11k11k13k8, b
j10i9j8i7j7j9h9i6i8k6g10f11h8k8h10h11i10f10k10, b
j10i9j9j7i8h7k8j8k7h10k9k6k10k11i10h11l7m6l10m10l8l9i11h12m7, b
j10i9h10i10j9j8i7k7l6i12i11h12j12k13f8g9j13j11k10h9g8i8e9k12l13k6j7k8k5l8h8m8, w
j10i9h10i10i8h9j9g8j11j8j12j13k10h7l11m12i11k11k13l14g9, b
j10i9j9j7j12j11i10k10h10g10i11k13f8g9h12g13h11h9g12f13k8, b
j10i9i10j9h9k9k12j11n9l9m9m8k10h10m10l10l11j13o8, b
j10i9i10j9h9k10k9h10i8k7j8l8g8j11h8f8k8, b
j10i9j8j9g9i10i11i7h11k9l9i6i8h8h10j12h12h13g13f14f8e7g11j11g10g12f11e11h9e12j7, b
j10i9h10i10i11k9j12g9j9j11h9i8k12h12i7h8g7k8j8j7g4l9i6k10m8k7k11k6, w
j10i9h10i11h9i10i8i12i13h13j7k6g10f11h7h8j9k10j8j11j6, b
j10i9h10i10i12i11i8h9k12g8f7j9g9g12h11f8f9g10h13g14g13k9l9e8d8k8h12h14j12l12j13j11i13f13k13, b
j10i9i10k10h10k9k12k8k7j11l9h13l11j13k13k14i12j12i13l10m11j14j15m14l14i11m10h11g11m13f10g10n11o11n9o8m9m8o9p9n10l12n12n13n8, b
j10i9k9j8i11h12g11h10h11j11l6l8k8k7k10k12m9l10i12l9l11j9f11e11g10j13f9e8g8g9i6h7f10f12f7f8h9i8e6i10d5, b
j10i9j8j9l9k8l7l8h9k10i8j7i10g8k9g5i7l10i6g6g7i3i4i5f6e5j6k6j5g2l4k5k4j4l3h7m2, b
j10i9h10h9i10k10g9k13g10f10g12g11j12j9h12i12i11f8g13f14k9, b
j10i9k9l8j8l10l9i11j9j11m9n9i10h10j7j6k8i6h11g12l7, b
j10i9i10g10l10k10j8j11j9l9m8k8k9i7m11n12i11l8i12m10n11j7i6h7k7g7f7h9i8h8h10g9g8f10e11j6, w
j10i9i10g10h9l10f7g8j8g7g9g5j9j11j6j7k8l7h8i7h11g12h10h12h7, b
j10i9h10k9j9i10j11j12i12j8i7m8k7l8k8l9l7j7m7n5n7o7k5j6j5l5k4k6m4j4l6i8h9h7m5m2o3n4n8o9n3n9o8m9, w
j10i9j8i8i10g10k10l10h9j11h11g8k8j9k9k7h12i11h10h13h8, b
j10i9h10i10i7i12i11g9j9j8h9h12h7h8j7g7i8k10g10f11k6, b
j10i9j9j8i8k7l6g11h10k10j11j12h7g6h9h8i10g8g10f10f11e12j7, b
j10i9j9j7j11j12i12h13i10g12k10h10l9m8m10l10l11i8k12j13l13m14h9, b
j10i9h10h9g10i10k9g9f9i11i8f7g8e8e10h7i12h5g6i7g7h8h6f10e11j6, w
j10i9h10j9h9i10h11h12h7h8i7l7j7g7i11k8m6f8f11g11e9i8k9g8e8j8, w
j10i9i10g10l10k10h9f7k12j11l9l7l11l12h11j9k8m10h13h7h12h10h15h14j13i14g13i11i13f13k13, b
j10i9j9i10j8j7j11j12i8i12l8k8l11k10i11k9k11h11m11, b
j10i9h10k9g9i11k10i10i8l11l9m10j9j11k11k12j13l13m14h9, w
j10i9i10k10h10f10k9j9h12i11h9h11h7l11m12j11k11f11g11f9f12i12g10h13g14l9, w
j10i9j9j8h10i11h11i10i8j11l11k10i12j13k12h12j12l9h9l12g10f11h7h8j7k6f9e8f5g6g7i7g9g8f8e9f7f6e7d7d6, b
j10i9k9j8l6i11h10i10i12i8i7g8h8h9f7j11k12g9f9g10j7g11g12g7, w
j10i9j8i8j9j11i11j7i6k6l5m7l8g10h9k7l7l6k5k9k10i10n8h7n5k8m5j5o5, b
j10i9j9j12i11h12j7j8h10k7i12k9i13i14k10i10i8l11h7g6h9k6h8h11h6, b
j10i9h10i11i10g10h9j11h11h12h7h8k10l10j9g12i8l11g6, b
j10i9j9i10j7j8i11k7l6g11h10l8h12g13j12k13j11j13g9f8l11k11h9h11i8g10k10m12h7, b
j10i9h10h9i10g10j9h11j13f9e8g9e9g11g12f11e11e12d13i8, w
j10i9i10k10j11j9h9k12k9h10i8h12g11j8g8f7g10g9f11e12j7, b
j10i9j9j11i11l8j6j8h10k10m8l6m5h13i12l7l5k5j12g9h12g12g13f14k9, b
j10i9h10h9g10i10g9g8f7i11i12i7i8h11j11l9g12j12g11g13h13g14e10f11f10d10e9h12e11e12d12c13h8, b
j10i9j9j12j8j7k8h8l8m8l7i10n5m6l5l6m7k9n7o7n6n4o5p4m5k5p5, b
j10i9h10k9h9h6i10k10g10f10j7i8g8j11f7e6h7g7i6j5f9e10h11h8i12j13e8, b
j10i9j8j7j9j12i8k8l9h7i7k9i6k11k10j11l11m12l10m10l12l13l8, b
j10i9h10j9g9k10k9i11i8g11h11h9h13i13h12h14i10g10j12g14j14e14f14g13g12i12j15i14i15g15j13j16j11, b
j10i9j8i7j6j9i10i8g6i5i6h6j4h9g9l9k9k10l11j7k6h7h8g7f7k7, w
j10i9j9i10i11j11k9h12m7l8i8l11h9l9l10k10i12j8m8l6k7j7l7j5o7n7m9m6n8k11p6, b
j10i9i10h10k7f12g11k9j9k10l7k8j7m7j8j11j6, b
j10i9k9j8i11h12k7k8l8m7i5j6j5i8k5h5i6m5k4h7k6k3i4i3l7m8h3, b
j10i9j8i7j7j9h9i8i6i10i11k9h7k8h11h8g9k6k7l7m6f8g11f11g8g10f9e10j5, b
j10i9k9i11j8j9i8k8f8f9h9h11i10l10g10j7h10f10k10, b
j10i9j9j8h10i8i11i10j12k13j11j13f8g9h11k11h12k9h13h14h9, b
j10i9i10h10f12j8k7k8m10h8i8l8h9l10j7k6m7l7l9m8n8n9o10j5, w
j10i9j8j7m7k9k7j9l9l7k8l6m8l8m10m9k10l10j11i12n7, b
j10i9h10h9k9g9f9g10g13i8f11k6j7i7i10i6i5j6h6h8f10k5, w
j10i9j8j9k9i7m7l8i11i8i6l11k10m10h12g13k12k11i10h10j11l13i12h13j12g12l12, b
j10i9j8i7j9j11j7j6i6l9i8m8k10l11h7g6g8f9h8f8k8, b
j10i9i10g10l10k10j9j11k8h11i12i11k11g11f11g9g12h10f8f12e13j8, w
j10i9j8j7j9j12i10h10g12h11i11h13h12g13f12e12i12f13e13m7l8k9j13m10m8k8l9k7k6l7i7n7, w
j10i9j8j7i7k9h9m10j9j11m8k8l9k10k11k5m13l12i6l10m11l11o10k6k7l13l14k12j13m14n15i10, w
j10i9k9j8l8m7l6k7l7l9l5l4g11h12k5j4m4m5j5k6k4i5k3m6k2k1l3m2n5o6j1, b
j10i9j9i10j7j8k7i6j11i8i7h7g8i11i12j12k8k10k6k5m7l7g9g6g11g10h8f10l5l9f8h10e10k13l14e4f5l10l8k11i13k12k14k9, w
j10i9j9j7i10k8k10l10h10g10j11j12h9g8h7i8h8h11h6, b
j10i9i10k10h10f10g9j12k9m7f8e7h12i11e9g7f9d9h11h9h13h14g10e8g12g11f13e14j9, b
j10i9i10k10j11k12j9j12j8j7k8h11l7m6l8m8i8h8l10l9k9m7m11n12i7, b
j10i9j8j7i8k8l9j9l7k9k10l10i10g9h9j11h8h10h5k5k6m8g8f8e7h7f7e6i11g6d7c7f6l8g5d8h4i3f5e5j5i5h3i4h2h6h1, b
j10i9i10g10l10k10j8k9k11j9l9h9g9i8h7f11e12j7, w
j10i9i10k10j11k12j12j13j8j9l11k9h9k11k13k8, w
j10i9k9i11i7k7l8i10i12j11m7n6k12k11l11l10j12h12h11j13l12m12j8o7n8k5m8k8m10m9o8n9p8, b
j10i9j8k9i8j9l9h8l8g9h9j6i7k6k8m8m10n11l10l11k10i10n10, b
j10i9j9j7i10h10j12j11m10h11g11h7k10l10l11m12k12j13n9o8k9k11h12i12i11g13l8, b
j10i9h10i10i11k9j12g9h9h11j9j11i8k6g6h7g10f11e10f10f8f13f12g12e14k7k8i7h8j7g7l7, w
j10i9h10h9k9g10k6i8f11g9f9i7i10i5i6g8g11h8f8f10e11j6, w
j10i9h10i10i11l8h12g13h11h9h13h14j11k11j12k13j13j14j9, b
j10i9j9j11i11k9k10i8i10h10j7h11k7i7j8j6h8l10i6l9l6l7n4m5k5n8h5g4i3j4k4k6j5l3i5g5l5, b
j10i9j9j12j8j7i8k8i6m12h7k10g6f5g8j5h8f8h6f6h9h10h5, b
j10i9k9m7k7h12h10k10j12g9h9h8f10g10k5j11g8i12l9h13g14h11j13i11k11i10i13i8, w
j10i9k9m7i11h12j12j11k13l14k10h10k11k12l10m9m10i10n10, b
j10i9j9j7i10j8h10k10h11k8g10f10g12f13i12j13h12j12h13h14h9, b
j10i9j8k9j9j7i8h7j11j12k8l8g8h8i10l7h9k12f7, b
j10i9h10h9j9j7i8k10g9j12f8e7g8h8g6g7h7f5g10e10i10f10g12g11h11f13k8, b
j10i9k9i11i7i10i12g9j8l10j9j11j7j6h6g5k7h7m7l7l8n6k8k6i8h8m8, b
j10i9i10j9h9f7h10g10l10k10h12h11i11k9g13f14k12j11j12g9i12g12l12, b
j10i9h10j9k9g9k10i10h9h12h11i7i8g10h8h7k8k7j8g8l8, b
j10i9i10h10j8j9l9g9h9g8g10i8l11h7g6i6j5i7i5h8f10f8e8i11j12e7, w
j10i9j9j11i10h10g11g12j8j7m10i11k8l7m8l8l10k10m11m9k9n12i7, b
j10i9h10i11i8h9i10k10j9k8j8j11k11g10h11j7l9h7g12f13i7h13i6h8h6k9i5i4g5f4g6j6g7j4g8g9g4, b
j10i9j9i10i11j12j7j8h12g13g11k7l6l8j6i13h11f11k11j11h9h10k6i8i6h6m6, b
j10i9j8k9l9j11j9k10k8j7l7i10l8l6i8h8m8, b
j10i9h10k9j9j8h6k10k7j11i7m8l9k11k12m11l11l10n12m9m10j12i13n8, w
j10i9j8j7j9j12i8m12l8k8k9i11n6m7l10m11k10m10h7l11g6, b
j10i9j9j12j7j8g11k7l6i8i6g8h8k8l8k9k6j6i11k11k10l10i13m11n12i7, w
j10i9h10i11i8h9k9g10g8g9f9f11h7i6e10d11k10j9k8k7j8h8l10i10m11n12i7, b
j10i9i10l10k9h10l8m7i11h12j8m8h9j11m9n9k6k7l7l6k8j9i8h8j7g10l5, b
j10i9j8j7k9m7k7i11i10l10k8k6k10k11h10g10i8l8j9l11h11g12l7, b
j10i9k9m7h12i11i12f12j12k12j11j9j13j14k10l9h13g14h10i10h11h14h9, b
j10i9k9l8j8l10i7j9l7h6g9k7h8j6m9k6i6i5h4k5k4j4k3j5l5j3j7j2, w
j10i9j9j11i10h10j8j7m10k8h5m7k9k10m11l10h12i11l11h11g11i12h13m8l9n9l7m9j12m5m6n8o7l8o8n10k7n11n12n7, w
j10i9h10i11i10k10g10f10g11f12f11e11h9i8g8g9j11k12f7, b
j10i9j9i10j11j12i8m12j8j7l8k8l11i11l9l10k10h7i12h13m8, b
j10i9j8j7i7k9h9k8j9m10l9i6j11j12k10m8i10k12h10g10l10, b
j10i9h10h9j9j8g10i10i12i8i7g8h8j11k12f7, w
j10i9h10h9j9g10i10j7i8k10j12j11i11k13f8g9h12g13g12h11i12f12k12, b
j10i9k9h12h10i10i11i7l8m7j12k13j9j11g9f8k12j7l7i8i6h9k6g8f7h8e8j8, w
j10i9j8k9i8h9j9j11j7j6k8h8m8l8m10l9k10l11l10i10n10, b
j10i9k9i11i10l10h10g10l8k11j12j13h11j11n6m7k8j9k6k7m8j8n8o8n9n7l7o10j5, b
j10i9h10h9j9g10g9j12j7j8i11h12f11i12k12g12f12f9h11g11g13h14i13f13i10h13l7k8k10l10k11k13l11j11m12n13i8, b
j10i9h10k9j9j8i7l10k7m11n12l7n10n11l11l8i10g10h11g12h9h8h13h12k12j11m12l12k10n13i8, b
j10i9i10h10f12j8k7k9k10l10m11j9l9g9h9j11h6i11f8j12k13k11h11i13h14m9, w
j10i9k9j8h10k7l8i11i10g10m5h9m7n6l10k10m8m6n8o8m9o7l9l7n9j9o9, b
j10i9i10k10k8j9h9i8h7j11m8m12l11h10l8n8m7k9m9m6m10m11l9l10n11o12j7, b
j10i9j9j8k7h10i7j7j6l8h8g9k8k5j12g11f12g10g8g12g13f10e10e9h9h12i13d8, w
j10i9j9j12j7j8i8h7h9k6f11g10h10k7k9h12m9l6m5k4k5i6j6j5g8l3, w
j10i9j9j11i8k10l9l6j6j8k7h4k9m9h7e4g6f5m7l8i6h6j7k8i7g7l7, b
j10i9j9i10j8j7i7i8k9h6m7l8l10m11m9j12l9n9o7n8n7l7m8o6m6m10m5, b
j10i9j9j8i8k7h10k10k8l6m5m6h11i10h12h9h13h14i11g13j11g11j12j13k13l14g9, b
j10i9k9m7i11h12j8l10m9j9g9k7j12h10i7g11e9f12e13l7n7h11h13g12i10e12d12i12, w
j10i9i10k10h10f10k9h12g11j9m7l8h9j11i8m8l9j8f11g10j7k6h11e11k8m10n9m9k7l7i6h5i4i5h8h7n8n6k5l6m6l4m12l5, w
j10i9i10l10g10h10g11j8g12g9g13g14i11h12h11f11f13e14j9, b
j10i9j8j7j9j12i8m12l8k8k9m7i11h12l10i7k10i10h7l11g6, b
j10i9k9m7k7i7k5i10i8i11k8k6k10k11j8h8j9h7j11j12j7, b
j10i9h10k9j9j7i10g10k10l10j11j12h9k12h7i8h8h11h6, b
j10i9i10g10l10k10j9j7h11k8g12f13h9j11l9k9k7h13l8l7i12j6k12l12f12j13h12e12j12, b
j10i9h10h9k9g9f9g10j7g7g8f11e12e10m7l8k7l7j8j9l10k10m11n12i7, b
j10i9h10h9k9g10g9i11i8i10i13g8j11j8e6j12f8d6k7k13m15h7f9k8l8l7j9f11m9n10i5j6m7n6l9n9m8m10k10i12n7, b
j10i9j9j8i8h10g11h7l6j12g9i11h9g10i10h11j11g8f9k12l10k13l14i12h12k14j13k15k16k11, w
j10i9j8j7i8l8j9h8j11j12k10l11h7g6l10i10m10n10m8l9m11k9m9m12m7, b
j10i9h10i11k10i10i8i12i13k8m10h9j9h7l10n10j12k11j11j13j8, b
j10i9i10k10k8h10k7j9h7h9k9g9f9g11f12i11f8h11j11h12h13h8, w
j10i9j9j11i10h10j8j6k10l10k8h11i8h8l11m12h7, b
j10i9j8i8i10j9k10h10k9l10k12k11j11h9l13m14i12l9h12j12i11g13l8, b
j10i9j8i7i10j7j9k8j11j12k10h10m10l10l11i8k12n9l13m14h9, b
j10i9h10i11j9j12i10k10g10f10j7j8h11k8h9h8i8f11k6, b
j10i9j8j9l9k8k10i10h11j11h9i8i7h10m6i12i11k9g11g10h12f11k5h7f5f10e10f9f12h8f8h6g13f14e11h14d10c9e9e8c11b12g7, b
j10i9i10g10k10l10l9n7j11i12j9j8j13j12l11m12k12h9i14h15m10, b
j10i9j9i10i8i11j11j8i12k10f12h10k7j12g9h13h7k13l14k11k12i13l10j13g13l13, w
j10i9h10i10i12i7i8h9g9g8f7j11k12j12i11k9j13f9e7f8i14l11i13i15g13h13h12f14g16h15k14h11j14l14k15l16g11, b
j10i9j8k9k8l8j6j9l9i8j7m10k10i12i6h5j5j4k6h6m8l7n7j11o6, b
j10i9j9j12j7j8h10k7i10g10h11g12l10k10h13h12i12k8k9l8m8l6m5h8i8j6i5g9i7g11g13g8, w
j10i9j8i8j7j9i6i10i11k8h11m6l7k9h9k10k11l11m12h7, w
j10i9j9j7j11j12i8g6m12k8l11k10k11i11n11m11l12l13n14m13n12o12n13n15n10, b
j10i9k9h12h10j12m7l8i12m9l10j8n10m10k7k10j7l7l6i10i8h9m11o9k8k5n12o13n13n11k6i6m4l5m6m5n6j6o6, b
j10i9j8k9j9j7i8k10j11j12h7h8k12h9f5g6k11f6k8h11m8l8l7m6n9k6l11m10m11i11n11, b
j10i9j8i7j6i10i8k8j9j7k10l11m10h7k7f7g7i6h5g8h9f9e10j5, w
j10i9k9i11h10i10i12i7i8h7h8k8j9l9j7j8l11g8h9g10l5k6m12k10j12h12l12k12l13l14n11k14j11j13o10p9o12o11n12p12n14n13p13q14k11m13m11, b
j10i9j9j8k7k8i8k10l8j11i11k9k11l9i12m8n7m10j7m11l10m9m12m7, w
j10i9i10g10l10k10k9j8g13g11h10h12g8l8j11h9i8i13j14j12k12h14g15f9g9f10e9i12h11f12g12f11f13f8, w
j10i9k9h12i11h10k7h9h11g11f12g9f9g10g8f10e10i13j14e9, w
j10i9i10j9h10g10g9i11k10l10j11l9k9k12i12k8l11h9j7l8j8n11l6g14m12n13k7n12n14n9n10e12f11f13h15c10d11o12m10p11m14r9o10q10, w
j10i9k9m7i11h12h10g9f10g10f9g11g8j12g12d11h7i6f7f8h9i10h8h11h6, b
j10i9i10g10l10k10h9g8h7g9g7h10g11k7j8i7i11j11k9h12h8i12l9l8m9n9n8o7h4h13g14h11h14j13k14f9, w
j10i9j8j9g9k9l9k10i8k7k8h8l8m8j7m10i6h5l6l7k6j6h9g10l5, b
j10i9j9j8h10i11l10j11h11i10i8l11i13h9k12m11k11j12k13k14j13l13h13g13j15k10h12h14j14k15i14k16i15i16h16g17l12, b
j10i9k9m7h12i11h10i10i8h11i13j9k8g12f13h13f11f10j8h8m8l8k11k10l10i7j12h14m9, b
j10i9j9j12j7j8i8h7h9g10m12g11h10g12g13h12i12g8g9f9e10j5i6e8d7f8d8f10f7i13j14e9, w
j10i9k9j8k7k8m8i8h8i6i7j7h5m10l9j6j5k6l5h6g6l6, w
j10i9h10i10i8j9g9k8l7g12h11h9l9g8f7f8l8l10l5l6m7k9k7n7i7j7j6i5h8f10k5, b
j10i9j9j8k7i7k9i8i10k8h8l8m8l9i6m10n11l7l6l11l10j13k12k10m12l13j11h9k13k6j7h10l12n12j12i12k11i13n8m9m13n14m15l14m14m16m11, b
j10i9i10k10k8l9j9h11j11j12j7j8l7m6k7m7h7i7k6k5h9k12i8g10l5, b
j10i9k9j8l6k7i11h12j6m7k6m6h10l7n7i7j7m8m5k8l8j9i10n5, w
j10i9h10i10i11l8h12g13h11h13h8h9g9j12f8e7e11f10g11f11g8g10e8d8i8, b
j10i9h10i10i7i11i12j9g9g12h11h8h9g10l7h13f8g7d9f11i14f6e5e7f7d8c9f9c6g5h4g6g4i6h6h7g8i8k10f5, w
j10i9i10g10k10l10h9g8k9k8l8i11g9k11h11j12m9h10m7n6k7n10j6i5l7n7i7j7h8f10k5, b
j10i9i10k10k8j9i8h10h9k12l9j7j8h8l8m8k9m7l10i7l11l12l7, b
j10i9k9j8h10k7l8i11i10g10l6l7m7n6k10l10n8o9j4k5m8o8m9m10m5m6k12k11j11l9l13m14h9, b
j10i9j8k9j9j11k8i8j7j6i7l7i6l9h5g4h7g7h6h8g5f4j5g8i5f5k5, b
j10i9i10k10h10h9g9g10k9i11i8l8j11j13j8j9i7h6h8f10g8f8k8, b
j10i9k9i11i7g9j12j9i10l10j11h10j8g8g5h6j13j14k12l13l11i14n9m10i12l12k10l9k11k13k8, b
j10i9j8k9j9j7j11j12k8l7i8h8m8l8k10h7l9i12n7, b
j10i9j9j11k10i10k12l11i11k9k11k13i8h7j8l12j7j6n10h9l8k8m9o11l10m10j12i13n8, b
j10i9i10h10k7j8l8i11k9g11f12g9f8j12k13h9f9h11h12f11e11j11, w
j10i9h10j9k9h9k10i10i7i11i12g9f9k8l7h11g12j11k12g11f11k11, w
j10i9h10k9i10k10k8g10j9h11j8j11i12m8m6l7i11j7k6k13i13i14h8i8g9f8j6l6i7f10k5, b
j10i9j9j12j7j8i8k7l6k10k6h9l5m4m6n6l7l8k8i10n5, b
j10i9i10g10h9j11l10k10h13m8l9l8n8m9n10k8k9j8i8k7h10m5l6m7m6j6i5j7l7j5j9j4, w
j10i9h10j9h9k10i8k6g10f11i10f10h8h7g8f8j11k12f7, b
j10i9h10i11k10i10i12j9h11h13l9h9g9k12j11m8j13k14k13k8g10f9l8l7m6i7i8k6j5k7k5j7h7m7, w
j10i9j8i8j7j9h7i7i10h9g9l9k9i6i5h10k10l10k7k8l8i11j6m9h4, b
j10i9k9i11h10k10i12h11g11i7f10i10i8g12f13f11g10g9h13i13e10d10e9d8e12e11g14f15h15i16d11, b
j10i9j8j7j9i8i10g10h9j11l10k10k9m11h6i7l7k8l8m7l9l11l6, b
j10i9j9i10j8j7i8g8j11j12l8k8k9m7i11h12l11k10k11h11m11, b
j10i9k9l8i7l10l9i11i10h10g9h8m9n9k7g11f12h11j11h9h12h7, w
j10i9i10k10k9h12j8j11m11l10l9m10l8m7j9k8j6j7m9n9k7n10i5, b
j10i9h10j9k10i10l9i11i12j11h9h11k8g11f11k11, w
j10i9j9i10i8j8l6i11l11k10j12i12i13j11h13g11h10h11f11k11, w
j10i9j9j11j8i8j7j6i7h7i11k9k10i10k12h10h6g6k7g5m7l7f5g8g7j5i6f7h9i4h5k6m8h3, w
j10i9i10l10k9g10g13m7k7l8l6m5k8k6k11k10i11h12h11j11j9g12l7, b
j10i9j9j8l6i10i6i8i11g8h8h9j11e6f7g10j7g11g9h10f12k7, w
j10i9j9j7j8k8j12j11m10i11m9l10m12m11l11k10k12n9l12i12n12, b
j10i9i10j9l9h9g9h10h12h7h8k7j8i8g6j7k6i7g7l7, w
j10i9k9i11j8i10i12m11j11j9k8k10i8l8h8g8h11f9j13k14j12j14l12k12h9h10k6j7i7h6k5k7j6g9l4, b
j10i9j9j7i10j8h10g10l7k8i8k10h7h5i6f5g8f9h9h8j11k12f7, b
j10i9k9j8l6m7l8k7g11i11i10l10l7l5g10h10g13g12g9j12h12i13k11k12g8g7h9f7i8f11k6j7j5m8i4h3m6j6j9k8h7i6k10l11g6, b
j10i9j9j12j8j7i7k8k9h6i6h12l10m11l8m7l9l7m9n9l11l12k10m12i10h10m10, b
j10i9k9j8i11l8h10f8h12g13h11h9h13h14k11j11k10k12i10g10l10, b
j10i9h10i11j9i10i8l11j7j8h7g6h9h8g10f11k6, b
j10i9k9l8k7j8k8k10k5k6l7j7j6i10i8l5m6n5n7m7i11l4g9n3m4l3l2n4n2o3m3m5p2o5p5n6p4o7p8k3, w
j10i9h10i10i12i8i7j8k8j7k6j5j6k5k7k10h7h5i5h4l8m9m6l6l7n5h8h9g9f10i11f8k9h12m7, b
j10i9j9j12j7j8h10i10i8m12h7g6h9g10h8h11h6, b
j10i9j8j9l9g9h9i7i10f10h8g8h10h7k10g10l10, b
j10i9j9j7j12j11i8h7k10h10k7m10l11m12l8k9m9n10l10l9k11i13n8, b
j10i9k9i11i10l10g10h10g9j12g11g8m9k7g13g12h12l9i13f10j14k15h13j13f13e13h14h15i14g14i15f12i16i17i12, b
j10i9h10j9g9k9l9k10k13i8h7l11m12i7i6i11i10k11j11k8k12k7, w
j10i9k9m7h12i11i7i10i12g12j8h6m11l10j12j9h11l12j13k14j11j14h13h14g14f15k10, b
j10i9j8i8i11i7i6j9g6k10l11j6g9k11k9h12g8g7l8m7l10l9m11n12f8h10e8d8f7d9f9f6h7e10j5, b
j10i9j9j7j12j11h10i10k12i11i12h12l11m12h11j13i7i8g10m10m9h9e8f9l10k11l9l12k9n9j8m11h6, b
j10i9i10k10j11k12j13j12h12m12l12k9k11j9l11h9g9l9, w
j10i9j8j7j9j11i8g8l8k8k9m7i11h12l10m11k10m10l11m12h7, b
j10i9j9j8i8h10g11h7h9g10f10l6k7h12j12j7j11j13i10k12h11i11g12f13k8, b
j10i9h10i11k10i10i12i8i7h7l9j11h11h8g8h6h5g6f5i6f6f9g5i5e5d5f4f7f3f2g3d6i3h3h4e7j2, b
j10i9j8i7j7j9l9i8i6k8i10h7g6h9g9k10l11k9k7k12k11h6h8l7l10l12i11j11j12m9h10k13f8, b
j10i9j9j7j12j11i10h10l7k8l9h11g11h9h8h13h12i12g14g10j13i8f11k6, w
j10i9k9j8l8m7k7k8m9n10n9l9j6i5m10i6i11h12j7i7i8l5g10h9l11o8j13k12j11h11j12j14j9, b
j10i9j9i10j11j8g11i11i8i12i13l6k7k10k6j13g10k8j7h9l5m4i7h7l7m7j5i4n9m8g9g8f10h12h8e11j6, b
j10i9i10h10j9j8g11l6k7h11l7h12h13k8h8i7l10m8l8m7l9l11m9j6n10o11k10m10j12j11k11i13n8, b
j10i9j8j9k9i11l10m11m10k10i8l11n11k8n13i10l7i12i13j11k11h13g14l9, w
j10i9j9j11i11k9k10i8h10i10i6j8g8h6i7f8l10g7i5l13k12h7h8g9k13j12k14k11j13m10i3i4k15k16h11i12i14h15j14l14h12h9h14g14h13, b
j10i9k9j8i11h12m7l8g11i8k8k7l6i7i6j6i5j7h7j5j9j4, w
j10i9j9j7j8j11i8g8l8k8k9i11n6m7l10i7k10l11i10h10m10, b
j10i9h10i10i11h12j12k13f8g9j9j11g8h8g7f10i7d12e11l13k12i13j13g11j14e9, w
j10i9j8j9h9k9l9i8i6k10l11g6h7k8k11i10h11i11i12i7, w
j10i9j9j12h10i10j11j8i8k10i12k11i13k8k9k13h12i11h11h13h9h8g10j13f11e12j7, b
j10i9j8j9k9l8h6i7i6l10l9j6k8j7k7k10k5k6i8h8m10j5n9l11m9o9j4m7l6m8i3h2n11o12m5n4k3i5l4j2l3l5j3h3m3, b
j10i9h10h9i10g10k9j9f9k10i8g13i11l8l11k13k11j11l9g9g11f11i12i13g8h13j13f13e13e12d13f12f14g12e10d12c12h12, w
j10i9h10i11i10k10j11k12g10f10j9j12j7j8h11g12l7k8i12j13h9h12i8f11k6, b
j10i9h10k9j9j8k10i10i7i11i12l11j13k7j11j12h13g14l9, b
j10i9i10h10j8k9j9j7k8l7j11j12h11g12g8h9i8h8g11i11g9g6m8l8k10l9l11m12h7, b
j10i9j9j8g11h10i8k10k7k9k8h11h8i7l10h12h13j12h6k12k13i12g12l12, w
j10i9j8k9j9j11k8i10j7j6i8l8g8h8i6l9h7f9k10l11g6, b
j10i9i10j9k9h9g10h10k7g9f9i11j12e7f8h11h12g11f11f12e13j8, w
j10i9i10j9k9k10m7l8h10h7i8g9h8g10g13g8g7f9h9e10d11i6, w
j10i9h10k9i10k10k8f10l9m10j9l7h11g12j8j7h8i8h9h12h7, b
j10i9j8j9k9h6l10m11l8i11m7n6l7l9o7n7n8m9m8k8o8p8o9l6o10o11o6, b
j10i9i10h10g11j9g9k10h9g8f9e9j11k9k6k8k11m9l9i8l11m11j8l7l12l10l13k12h11i11m13n14j13k13i12g10l15k14l14, b
j10i9k9h12l8m7j8j7k8i8n8m8k11k10l10m11m9j12o7, b
j10i9j9j12i11l8j7j8h10k7h12g13i10g10h11g12h13h14h9, b
j10i9k9i11i10k10l9h10j9h11g11j12g9m9j8j7h8i7g8i8g10g12g7, b
j10i9i10g10h10j9l10k10l9h9g9i8l11f11e12j7, w
j10i9j9j12j8j7i7g5i8g8l8k8k9m7l10m11h6, b
j10i9i10k10j11h9j8j9g9g10i8k8k9h8i11h12l8m7l11k11l10m11l9l12l7, b
j10i9j8j7i7g5j9k8l9j12l10k9k10i10l11i8l12l13l8, b
j10i9j9j8k7l8i8l11j13k8n8l10l9j12i13l13k9l12l14m12k12n11k14o10p9m11o11n10m10k13j14o9, w
j10i9i10l10k9g10l8m7g13k7l7j8h10m5l6l5k5h12j12m8m6n5j6k6h8g9i7l4h9h7j11j9k12l13g8, b
j10i9i10j9k10l10g10h10k9k11l8m7k7i11j12j11h11m9g9m11l11n8o7m10m8m13m12o9p10k5l6n9p9n10n7l12k13p8, w
j10i9h10i11j9j12i10g10k10l10h7i8j7j8i7k7f7g7h9g8h8h11h6, b
j10i9i10k10h10h9g9f10k9i11g11j11l9j9l11f8f12g10i12f9f7i8j7h7g6g8e10h8e8j8, w
j10i9h10h9j9j8i8k10k9i10i11h12j11j12g11h11l8m7i12l6g9h13g8g10m9j6o9k7m5h14h15j4j7k5n8i3, w
j10i9i10l10g10h10k7g11f12h9h12i11g9h7h8j12f11f10g12e12h13i14d9e10h14h15f13h11g13e11e13d13i13, b
j10i9j9j11j8i8i7i10j6j7h9k6h6g5h8g9h7h10h5, b
j10i9i10l10j9j8h10g10k9g12h12i11h11h13h9h8i8j11k8l7k10k7l11m12h7, b
j10i9i10j9h9k9k10h10m10l10j8l13k12l11l12n12j11g8l9m8i12h13j12h12m12, b
j10i9k9m7i7i11k7k5j7h7j8l10j9j11j6, b
j10i9h10i10i11k9j9j12j7j8k7i7l10i8i6h6g5h5h8h7h4e7g7l8m7m8k8l7l6n8m10l9i3j2j4k5g4g6i4f4k4, b
j10i9h10k9k10i10i12j9h9l9m9l7k8i7i8l10j8l8l11l6, w
j10i9h10j9k10i10l9k8l7h11g12h9g9j11g8i11i8g11f11k11, w
j10i9j9i10i8j7j11j12h7g6k10l11l10i12k12l9k8k11n10m10l8j8k7m9k9k6i11h12m7, b
j10i9i10j9k10h10k9k7j8l10k12k11j11l13g8h9i12l9h12j12i11g13l8, b
j10i9j8j9l9k8i10k9l10k10k11k6k7h9g9i8l11j7g10l5, w
j10i9k9j8h10k7i11h12j12k13m7l8g9f8j11j13i10k10g10f10g8g7h9k12f7, b
j10i9k9m7k7k8i7l8j7h7j8j9l10m11h6, b
j10i9h10j9k10i10h9k8l7h11g12i12i11k9i7l9m9g10j13g9n10k7o11p12m10l10m11m12m8m7o10p11o9o12l12k13p8, b
j10i9h10i10j9j8i8k10k9j11h13h12l9l13k12i12n9m9l8m7l11m10l10l12l7, b
j10i9h10j9k10i10h9k8h11h12i8i11j7k6m6h7k7i13i12g10l9j11l7m7l11l8l10m10n6l13k12j14g11l16k15m8n8m9m11j13k13j15j16j12, w
j10i9h10k9i10k10k8j9h9h7i8g10j8l8g8h8j11k12f7, b
j10i9i10k10k8l9j9l7j8j7j11j12h11g12g8h9i8h8l8m8i11k11k9h12m7, b
j10i9j8k9j9j7i8h7j11j12k8h8m8l8i10h11m6l7h9g8k10h10l9i12n7, b
j10i9j8j7j9j11i7k9i10g10k8h11m6l7i8l8k10l11l10h10m10, b
j10i9k9l8j8l10j9j11i11m8l9n8o8m9o7k11j12n10o11m10m7o10k10p10, w
j10i9k9i11h10k10i12h7j9j12j11j8l8l6m9k7m5i7j7i8i10i6i5g8f9h8f8k8, w
j10i9j8k9j7j9h9k6k8i6j6j5i8l8g8h8g10f11i10h10j11k12f7, b
j10i9i10l10j8l8l7j9h9l13g8j11e6f7h10g10h8h7i8f8k8, b
j10i9k9j8l8m7i11h12l6l7h10i10k7m9k8k10m8n8k11k6j11l11j12g9j13j14j9, b
j10i9k9m7h12i11k7h10g11i12i10j12k13g9f8j14k8k6k10k11l10m10i7j8e9f10g7h6h7j7j9l7i8l11g6, b
j10i9i10h10f12h9h12j9k9i11g9h7h8i8k10f5g6k7j8j7g10i7g7l7, w
j10i9j9j7i8j8k7k10j6k9h6k8i6g6l6k6i5h4i7i4l8m9j4k3k5l4m7n8i3, b
j10i9j9j8h10k10i11l8j12k13j11j13f8g9k11l11h11g11h12g13h13h14h9, b
j10i9h10i11h9i8i10g10l10k10j11k12g8f7j9j12h11h12g12f13k8, b
j10i9j9j8g11k7l6l7j7m7k6i8i11m6h11f11j11k11j12j13g9h10g12g10i10f13k8, b
j10i9k9h12l8m7j8m8l10m11h6i7l9l11l6l7j7j9m10k8k10i10n10, b
j10i9j8i7j9j7i10l7k7g10j11j12k10l10i8h7k8l8k9k11k6, b
j10i9j9j7j12j11h10k10i11g9i10k13g10f10h11k8h12g13h13h14h9, b
j10i9k9h12h10i11i8i10i13g13h9e12k6j7h8h7k8k7j8g8l8, b
j10i9j8j7i7k9g9g10i8h8j9h7k8l8i10l7h6h10h11g12g11j11i5i6l11f11g7j4f8e9j5g5l5k5l6e10h13e12e11d13c14h9, w
j10i9j9j8k7k8m8l8i8h10h7k10g6f5j11j7h5h6m10j5j13j12f7i4e8d9g7e7m9m7m11m12l11k12k11i11n11, b
j10i9j9j11j8k10i12i11h11i10k12j13i8m8j7j6g10h9f9e8g8h8h7e10g7g6i7f7k7, b
j10i9j9j8k7k8h8i8i7h10l8j6j7h7m7l7k9i11n6, b
j10i9j9i10j7j8i7g7j11g11h10i12i11j12k11l11l8k9k12h12f10f12g12k14g9h8k7l7f8e7i8f7d7g6i5j6g10h9e8f9i6i4d10e10d8d9c8b8g8, b
j10i9j9i10i11j7j11j12l11k11l8k9k10i8l9m8l10l12l7, b
j10i9h10j9h9i10i11h12h11g11h7h8f8g9f10i7f9f7g10i12e10d10g8d11i6, b
j10i9h10j9k9g9h9h12h7h8i7i10k7j7l8m7i5j6i6i4j5k4g8f9k5h5l5m5j8l10k8k6m8i8n8, b
j10i9j9i10i8i11j12j11k11i13i12h12k12k10m12l12k13g11j14h11f11h10f12h13h14h9, w
j10i9h10h9i10g10g9k10k9i11i8j13j11k12j8j9i7h6h8g8f10e11j6, b
j10i9j8i7j7j9l9i8i10i6i5g6h7g9h9j6h6h8f10k5, w
j10i9j8i7j7j9l9i10i8k8h11k6i11g9h9h12g10f11j11k11i12k10j13k14f9, b
j10i9h10h9j9g10j11j12j7j8f11i11i10g12k10l10h7i8k8l7l9i12m10n11i6, b
j10i9k9l8i7i11l10j8h10i10i12j11k12k8i8h11g11j9g12l7, w
j10i9h10j9i10g10h9h8l10k10j11g8i8k9k12l13l11g9g11l9m9g6g7j6i7i6h6k8j7k7k11k6, w
j10i9i10j9k10l10k9k11l8i11h10g10m9h9m7n6k7j6k8k6n10o11n8m8n9n11l9o9j7l7i6m10h5, b
j10i9k9m7k7i11i10k10m9h10g9l8j8l9l6n7m8o7p7j11l11h13i12h11g11h12h14h9, w
j10i9h10h9j9j8i8k10g9i11j11i10g8g5g6h6i7h8h7f5g7g10f7e7j7, b
j10i9k9m7h12i11i12j12k13k7i10h10j8f12l10i7k10m10k12k11j11l13h13g14l9, b
j10i9j8j9g9i7k9i11i8h8k8k5k10k11l8m8k6k7n6m7j7h9m10l10l9n11i6, b
j10i9k9l8l10j8i10k10l6n8j6k6k5m8k8p8o8h10g11n7l9n9n6l7o10j5, w
j10i9i10j9k10h10k9h12l10m10l8m7j8m11k8i8k11k12k7, b
j10i9k9l8j8i7i8l10h8g8j11j9h9g10l9h11i10m9k12l13k10m8k11k13k8, b
j10i9j9j7i8l11j13j12l8j8l6h7k7k9l7l5l10l9i10k8k10h10m10, b
j10i9h10i10i12i7i8j9k9h11g12h12h9j7l7h7g7f11l8m7l9l6l10l11m11n12k10j11n10m10k7m9k8k11k6, b
j10i9j9j11i8j8h10k10m8h13i12k9m11k11k8i10k12h11i11j12m9m10i13k7m5l7i7n7m7m6p9i14o9n9n8p10p8n10o7n6p6l10q5, b
j10i9j9j12i11j7k9h12g12m9m7l8l10i10m11j8k7n10n12o13p12i8k8k10g11g10h9h11k6k5h13o12e10f11i6o11o14f9e8i12j13k12o9l12, w
j10i9j9j12h10l10m9i10j8j7i7i8l5i12i11h9g10k12h12j11l13g8, w
j10i9j9j7j11j12i11h12l11k11k10m12h7i8l10m10l9l12i12h13m8, b
j10i9k9j8k7i11k8k6k11k10i6j7i8j9j5n6h7k4h10m6l6l5n7m4n3i2j3m5m3m7m8o5p4n5k5p5, w
j10i9h10k9h9h6i10k10g10f10j7i8g8j11f7e6h7g7i6j5f9e10h11h8i12j13e8, b
j10i9i10k10h10h9k9j9f10g10i8f11e12e9g13i11f9g11h11g9g8d11f8h8e11e10c8e8e6h13g12f12e13e14f7f6h7e5g7i7d7e7b9a10f5, b
j10i9k9j8l8m7h12i11l6i8i10h10g11h8g8h9h7g9f9j12k13f8, w
j10i9j8k9i8h9j9j7j11j12k8l8h8g8k10h7i10h10h11g12l7, b
j10i9h10i10j9j8i8j11k10h7l11m12k12h9m10j13l10n10n9o8l8l9k9m7k11k13k8, b
j10i9i10j9h10k10k9h7i8h9f9h8f10g10f8f7i11h12g9j12e7, b
j10i9i10l10h10g10k9i11k11h9j9k8j7j8i8h11k10h7i12j11l8k12l12m7l11m12g11m13l6l7m11m6o11n11n10k13m9p12k7, b
j10i9k9h12h10i11i8f10h9g10h7h8k10j9i10l10k12k11j11l13g8, b
j10i9j8j9l9h9g9g8j11e6f7k10i8h8k8h7h6i6j5f9e10e8h11f8d8f6e5c6d6d7g10b5, w
j10i9i10h10k7j9k10l9k9k8m10l10l8i11m7n6m9n10m8m11m6, b
j10i9k9i11h10i8i10g10i7l10j7h7h9j9g6j11l11h11g11j13i12g8h8f9e10f10f12i6j5j6g12h12e13d14f11d9h13i14e11e12g13h14f13d13i13, b
j10i9h10j9k10i10k8i11i12j11h9k11l11g11h11h8h12h13k12j12j13g10i14h15m10, b
j10i9k9h12h10i10i11m7g9f8f10h8j12k13j11j9j13j14h11g11l11k11k12m10i12g10i14h15l12m12l9k10l10l13l8, b
j10i9j9j11i10j8h10g10k8l7k10l10h11g12h7i8h9h8h12h13k9k11i11g13l8, b
j10i9k9m7i11h12h10j12l10k10i7j8g9f8j6h8k7g8i8i5k5h6g7i12k12e8d8f12g12h7h5e10f9h13j11h14h15e11g13e9e12e7, w
j10i9i10k10j9j11j8h11m8i12h13g10f9j13k14k8k11j7k9i6l9h6n9m9l8i11l7k6l10l11l6, b
j10i9k9m7j8j9l10i7i11h12m11n12k10i10n10m10k13l12k8k11k7k6l8m8m9o11j6, b
j10i9j8j7k9i11m11l10i8k8j9l11l9n9h7g6j11j12i12k10m10m9k11h10k13l12l13n13k12m14h9i10k14k15j13l15i13h13m13, b
j10i9k9j8l8m7k7i11m9n10i5j6l9n9l10l11k10i10k8k11k6, b
j10i9h10h9g10i10g8g9f9i12i11j9k9l8e10h7f10d10h12g13d11c12f8f11e8d7d8c8h8, b
j10i9h10h9g10i10k9i11i12k12j11j13g9i7i8g8j8j9k8l8k10h13k7k11k6, b
j10i9k9i11i7k7m7h10j8l10j12l8m9j9m8m6l7g9o10n9i12m10o8l12l9k10h7h9f9l11m12k12j13j11i10k11h11m11, w
j10i9h10i10j9i8i11j12l8k9j11h12j7j8i7f8k7l7j6i5n10m9h8g9h7g7h9h11h6, b
j10i9h10h9j9i10j11j8i11j12l11k11k10i8m12n13l8k9l9m8l10l12l7, b
j10i9k9l8i7i11k7l7l10j8k10k8i10h10m10, b
j10i9i10l10g10h10f12k7j8j12j9j7g12h11h12e12g13i11g11g14g9, b
j10i9k9h12i11h10h11l8j8j11l10i7i10g12g11f11k10m10k12k11i12g10i14i13k8e10d9f10d10f12f13e12d12d13c14h9, w
j10i9i10h10j8h9h12i11g9j12h8g11j6i7j9j7k8h11i8g8l8, b
j10i9k9m7h12i11i12k12j12g12j11j13j8j9k10h13l10m10m11n12i7, b
j10i9h10i11i10g10h9l10j11k12f7g8j9j12h11h12g12f13k8, b
j10i9h10j9i10g10g9h9l10k10i8k13l9j12l8l11l6l7f8e7k9m7i11h12j8i7k8h8m8, b
j10i9h10i11k10i10i12j11h9i8i7k11l11h11g11g12j9m12h8l13h6h7j6g9j8j7k9l10g5, b
j10i9h10i11i8k10h9h11k11i10f11g10i12f9g12e10g8f8e8h6h12f12j12k12i13h14m9l10j14g11j13j11j15j16h13i14g13f13k13, b
j10i9j8j9i8k9l9k8i10k10k11k6k7h9g9l7l11l6m6l8h8m8j5l5l4n8o8n9o10n6n7m7o5o9p10k5, w
j10i9j9j12j8j7i7l10g5h6i5i6h5f5g6g4f7e8i4j3d7j5e7c7h7g7h4f6i8k10j6k7h8g8g9f10k5, b
j10i9h10h9g10i10g9i7i8g12g8g7f8i11h8e8j8, b
j10i9j9j8l6h10g11h11j13h7j12j11h13h9h8g8i10f9e10g9e9j5i6g6g7f5e4f8e7f7f6e8h5g10i12d7, w
j10i9j8i8j7j9i6i10i11k8l7h11g12k9l9k10l11k11k12k7, w
j10i9h10k9k10i10i8l9j9l11h7g6j7j8h9g10h8h11h6, b
j10i9h10j9k10i10k9i11i8i12i13k11h11h12h9h8k8k6e12f11l10j8m10n10l9n11i6j7m8n7l8l7m7n6m9m11m6, b
j10i9j9j7i8k10j12j11l9i12k9m7i11h12h7h13g14h10h11k7j8l7i7n7, w
j10i9j8j9h9i10h11i8i7k9h7l7h8h10k7f10h6h5j7g7j6k5j5j4i6k4g6f6k6, b
j10i9h10i10i11h12j12k13j11j9g9f8h11g11j13j14i13k11l9i12k10l12i15h8g8n10m11l8m9m8i6n8o8n9n7n12n11l7o10k8j8m6, w
j10i9j9j11k10l11i10l10h10g10h11k8g12f13h12h9h13h14i11g13j12i12k13l14g9, b
j10i9j8j9k9i11m11l10i7g5i10h9h10g10i8h8f9l8l7f6g7h7e7f7i4f5f4h5h6e5d5i5, w
j10i9k9i11i7i10i12h11k8g12f13j11k11k10f11h9k12g8f7g9f9h10h12j12k13f8, w
j10i9i10g10l10k10k9i7g13h12j8j11m11n12l8m7l9l11l7l6k8m8j9h11m6, b
j10i9i10h10g11j8k7l10k9m7k8k10k5k6i11h12h11j9f11e11j11, b
j10i9j8i7j6i8i6k6i10k10j9j7l5h9g10h10h7j11f9g8h11i12g12f13k8, b
j10i9j9j11i11j8l8k9k7i7l10j6l9l11l7l6i10k8k10h10m10, b
j10i9i10h10j8j12l10k10k9i7m11n12j9j7l7k8l8l9i11h12m7, b
j10i9k9i11i10l10j11j12k11k12h10g10l12g12g8j7h12h9i8j9g11g9f9h8m13n14f10i13d8e9f8f7f11f12d11e10e11c11h11, b
j10i9h10i10i7k9j9i11i12j12j7j8h7g7l7k7h9h8i8g10k10l11g6, b
j10i9i10l10j8j12k11h10j9j7k8l7h11g12l8i8k9k10i11h12m7, b
j10i9k9l8j8h6i7j6k6k7m9l9l10m11k10i10k11k12j12i13n8, b
j10i9j8k9j9j11i10k8k7j7m10g10k10l10l11i8h9h11m11m12k12n9j13i14k11m9n11o11k13k14m13l13l12n14j14i15n10, b
j10i9h10i11h9i10i8h11f11g10i12j9g12h13h12f12j12k12k8j8h6k11j11j13k13m10l11k9l10l12l9m8l8l7m12o10n9j6k6j7j5m7k7m9m11m6, w
j10i9k9m7i11h12k7g11h10k10k13j12g9i12k12g12f12g14g13h13j11f15e16i13f10h14h15g15f16k11, w
j10i9h10h9g9k9g10i10g8g11i11f8j9j12h12g13j11g7k11l11j7j8h6l12l10i7d10i6i8h7k12f7e7f9f10e10f6d11c9d8e11d12b8f12a7, b
j10i9k9i11h10i7f10i10i8h9g9k12j11i13i12j9h11h13j13k14g10f9e10d10g11g8g12g13e11d12e9e8d8h12c7, b
j10i9h10h9j9j11i10k10k8h11g10f10l9i11k11j7m6l7k7f11g11g9f9g14f12k6m8d14l8j8m9m7n10o11j6, b
j10i9i10k10j11j8h9g8k12l13j12j13h12i12i11k9h10g9h11h13h8, b
j10i9h10i10j9j8i12l8i8h7j7l5h9g10h12h11j12k12i11k13g13f14k9, b
j10i9j9j8g11i8k8g8j11h11k7j13l7m6m7n7k9l8k10k11k6, b
j10i9j9j8g11h10k7h7i7h8h9k8i8h4g10j7f11e12i11h11g13h12g12g14g9, b
j10i9i10g10k10l10k9k7k12k11j11l13g8h9j8j9l8i11m8l9m7n6k8i8n8, b
j10i9j8j9g9i10k8i7i8l8l9h8j7i6k6h9k5k7g8m9n10m10g7g6h6j6i5f8l5m4j5h5m5, b
j10i9h10i11i10g10h11l10j9k8g12f13h9h8j11j8k12l13g8, b
j10i9k9l8k7k8j8j9i10l10k10h10h9k12l7m8n7m7m5n8o8m9m10k11j12o7, w
j10i9i10h10f12k7j8j7m10h7i7h9h8k9j9k6k8i8g10l5, w
j10i9j9i10j11j12j7j8i12k7l6g11h10i6i11i8i7h8k8k11l9k10l8l7k9h12m7, b
j10i9j8i8i11k9i6k6h9j7h7j5h10h8j12k13g9f8i10k10j11j9k12l13g8, b
j10i9k9m7j8j9l10i7i10k10f10g9f9f8h7l11m12h10i11h12h9g8g11e7d6g7g6i8i5e9d10e8h8e10e11e6, w
j10i9h10k9j9j7i10g10k10l10j11j12h9g8h7h8i8l11g6, b
j10i9i10h10g11j8l10g8l8k7l6h8i8h7h9j5i6j7i7j6j9j4, w
j10i9h10i11i8i10i12h11j9j8k11g12k10h7l11m12j11l9j12j13l10i13l12k12n10m10m11n11k13j14o9, b
j10i9j8j9g9i10i11g12h11k9l9f11j11k11j12h10j13j14i12g10k10h13m8, b
j10i9i10j9l9h9g9h10h8j8k7j7j6i7l8m9h4i5l10l7k10m10k9k8i11h12m7, b
j10i9j8i8i11k9j7j9h9k10h7i6i7k7k8l9m9j11m8l8l11l7l6h6i12m7g7f7n6k6j5o7n7f6j6j4h8k5g9f10h10h11j12k13f8, b
j10i9k9j8l8m7i11h12m9j6n10o11l10l9m10k10m11m12n12o13o10p10j12k11k13h10l12j14o9, b
j10i9i10k10k9h12j8i7l8m7k8m8j9l7j11j12j7, b
j10i9j9i10j7j8i7k7h10l6m5f7k5i8g8h8k8i6g7l5l4i11i12j6k6l9g6g5i5j11g10g9k3n6j4h6k4k2i4h4m4, b
j10i9i10g10h9l10k12j11g8e6j8h11f9k11i11l8h7i6h8i8h6h10h5, b
j10i9j9j11i11j8l6h12g11k9h11i10i6k12l13g8h9m11l10k10k11i12j12h13g14l9, w
j10i9i10h10j9j8g11l10j12l7j11j13h11g12i11f11k11, b
j10i9k9i11i10h10k7g9f8j12k13h9f9h11h8g11f11f12e13j8, w
j10i9j8j7i8l8g8h8g7g9i7j9h9i6l10k9i10f7k10h10m10, b
j10i9j9j8i8l6k7l11h7g6h10j11i10g10k10l10k8l7k9k11k6, b
j10i9k9i11h10i8i10k10g10f10j11j9h7h9i7f7f9g8j7k7h8j6e8d7j8l10h6g5e6l11m12l8m9l9l12l7, w
j10i9j8k9k8h8l9j7l7l8i10j9h10g10h9m7k10l10j11k12i12h13m8, b
j10i9j8j7i8l8j9l11h8g8g6h7j12j11i10i6f9l9k8l10l12l7, w
j10i9j9j7j11j12i11l11h11g11i10k8g12f13h9g8h10k10h12h13h8, b
j10i9j8j9l9g9h9i8i10k10h7g8h10h8i7g10g11k7k9l10h12i11h11h13g7f7e9f10h6g5f8d10i5, b
j10i9j9j11j8j6k10h10i8l11g6h7l8k8l10m10k9i11m11n12i7, b
j10i9k9i11h10i10i12h11k8i8i7j11g11g8h9k11l11h8f8k12k7k6j7h7l7m7l9i6l10l8j8m11h6, b
j10i9j9j11i11l8j8h12i8g8k10h7j7j6l11m12i10l10g10h10h9f11k6, b
j10i9j8i7j7j9i8h9k9l8j6k8l10j4l5i10l7g8f7g9f9h11g12j11k12i11g11h10f8h12h13h8, w
j10i9i10k10k9m7i11h12i12j9l11g9i14i13k12j13l13j11l12l10j12m12l14l15k13m15h10, b
j10i9k9j8l8m7l6k7h10i11l5l7n7i8i7i10i12g8h8h9j11e6f7g9f9g10j7g11g12g7, w
j10i9k9i11i7j8g11i10i12k7l6g9l8f9h9j12h10l7j7h11n6m7k6i8m6j6o6, b
j10i9i10h10j9l7h11g12j7j8g11i11l10l6k7j12k13l8l5g9f8i7k10m10i8k6l11m12h7, b
j10i9j8i7i8h8j9j7k7k5j6l6l8m9k8m8k9k10i11h12m7, b
j10i9i10h10f12j8k7h9j9h7h8h12k8l7h11g12k9k6k10k11m10l10l8m7m9n10l9n9n11o12j7, b
j10i9i10j9h10g10k10l10k9k11l8m7h9h12m9k7k12j11l7h11i11g9l6l5j13g11g8g13g12i13f10j14k15h14j12i15j16i14k14i16i17i12, w
j10i9h10h9i10g10g9k9l10k10j7j9l9h7i8k6l8l11k8j8m10n11i6, b
j10i9k9h12m7l8j8m11i7h6j6j7f10l4l6j4n8o9n10g9n7n9o7l7q7p7m9l10m6m8k6i6n6, b
j10i9k9j8i11l8k8h10k7k10g11j11i12h11h12g13i13f10i14i15i10, b
j10i9i10k10k9h12f10h10h9k12f12k7j8l8i7l10h6g5f7g8h8g9h7h5g7e7j7, b
j10i9j8i8i11i7i6j7m7h9g10k6l5k7h7k9k8j9g9l9, w
j10i9j8i7i8j7h7k8h5h8k10j9l9g9h9f10e11j6, w
j10i9h10i11i8k10j9i10j11j8i13k11j13j12g13h13k12k13l14i14l17j14l15l16m16k14n15o14k18j19m14l13m15m17k15j15o15, b
j10i9j8k9j9j11k10j7i8l11g6h7k8h8i10l10h11g12l7, b
j10i9h10k9j9k10j11j8k8j12k11h11l10i11l12k13i10l13l7m6g10f10m13n14h9g8j7i8l9i6n11m10l11m11l8, b
j10i9j8i8i11j9k9l8i10l10l11g10f11k11i13i7h12g13g11h11j14k15f10, b
j10i9h10k9g9i10j12i11i12i8i7j9l9k8l7k10l11k11k12k7, w
j10i9j8j7j9j11i10k8m10h11l10k10k11i7m8m9g10i6h5k7l7h7g7k5j6k4k6j5g8l3, w
j10i9j9j11k10l11i10l10h11g12k8l7h10g10h12h9k9k11i11g13l8, b
j10i9j8i8j7j9i6i10i11k8h11m6l7k9l9k10k11l11m12h7, w
j10i9j8k9j9j7j12j11i8g8k8l8k10h7i10h11h10g10l10, b
j10i9j9j8h10l10i10g10g12h11j12j13i12h12h13i14j11g14k12h9k10l9m12l12l11n13i8, b
j10i9j8j9k9h6l10m11l8i11m7n6l7l9o7n7n8m9m8k8o8p8o9o6p10q11l6, b
j10i9j9j8i8g6l6k10h10j11i12i11h11k8g10j13h9f11h12h13h8, b
j10i9h10i10i11g9h9h12i8h11j9j7h7k10g6f5g10h8j12j11e12f11g7h13i12h14h15e11f10g13f12f13i13e13d13c11g12d11b11g11, w
j10i9i10l10h10g10g9k9h9j8i7h8j12i11j11g8j13j14j9, b
j10i9j8j9k9i7i11h12l8m7i8k8l7g9h8g8h9h10l9l6l10l11m11n12k10m10k6j7m8n9j11i12n7, b
j10i9j9j12i10j8l10k10g12h11g10k8k7h10h8g11f12i11j11k13l14g9, w
j10i9j9j12i10g12k10h10m10l10k8l7j7l9j8j11j6, b
j10i9k9l8k7j8k6k8i8l5k4l6l7j5l4n8m8k5m7i5h5m5, w
j10i9j8i7i10j9h9k10j11g8k9k12h10h12g10f10l8m7i8f11k8h8m8, b
j10i9i10h10j9l7j12j11h11g12k10l11m10l10j8l12l13k11m11l9l8m8m12m13o10n11o7j7h7k7m7k9o9o8p10n8n10q10i8g6p8q7q9r10p9n9p7p11p6, b
j10i9j8k9j9j11k8i10j7j6i8h8l8m8l9i6l11l10k10m12h7, b
j10i9j9i10j11j8g11i11i8k10j13j12i12k7l6k13h10l14m15k9k8l10i7k11k12i13h14m9, w
j10i9j8i8i11j7i7k9h9h7f5l11h5g6j9j13j11j12g5e5i5j5h6f4h11g11i10g12k12l13g8, b
j10i9i10k10h10h9g10f10k9i11g9g11e9f8f11e8c8g8h8e6e10d9f7c10h11h12e12i12h13g12j12i13j14j9i14h7i8e11d13c14g14h14j13j15h15k12f13i16d11, b
j10i9j9j12j8j7l10m10l9m11l8l7l11l12i8k8k10m12h7, b
j10i9j9j7j12j11i10l7h10k10g10f10h11g12i11k13h12h9g13f14k9, b
j10i9i10k10j9h10j8j7h11g12k8l7j11j12g8h9i8h8l8m8i11k11k9h12m7, b
j10i9j9j7j12j11h10i10k12i8i11g9h12g13i12g12l12, b
j10i9j8j9g9i7l9l7i10j7k7k8h10g10h7k10l11h9i8k9k11i11h5l10m11n11l6n5m6m5j6k6h4h6i5l8g3, b
j10i9k9m7k7i7i8i11k8k6k10k11j8h8j9l11j11j12j7, b
j10i9j9i10j11j12i11g11j8j7l8k9l11k11i8k10k8h8m8, b
j10i9j8j9h9k9k8h8i8l9m9l8l7m7n6l10k6j7l6m6m5l12l11m11k7n4k5k4j5i4l5i5n5, b
j10i9j9j11i10h10l7k8h11k7j8k6k5m10j7j6k9l8m9l10l9n9h6o8p7l11k12i5h4m6l6n7p9n10o10n8n11m8, w
j10i9j8k9l9k10j9j11j6j7k8l7k7l8l6k6n4m5o5l5m4j5k5m8n9i4, w
j10i9h10k9j9j12i10g10k10l10k8h11m6l7j8j7i8h8l11m12h7, b
j10i9k9l8i11h12j8j9m11l10l9i7k11h11j11l11k10i12k12k13k8, b
j10i9h10i11h9h8h11h12i10g10l10k10j9g12j11j12k12l13g8, b
j10i9h10i10i11l8h12g13h11h9h13h14j11g11j12g9j13j14j9, b
j10i9k9j8k7i11h10k10l8j11i12l11k11i8j9i10i7g8h8h9k12f7, w
j10i9j9j8i8k7l6g11h10k10h7j11k9m7i11h12l7m8l9l8m9n9f5g6k8m6i10h11j7i6g10f10h9f11k6, b
j10i9k9i11k7k8i10m10j7k10i7l7j8l10j9j11j6, b
j10i9k9l8i11l10l11k11l9m9n8j12i13i12h12g13j14g11g10j8h10i10k8k7j6l6m5i6m10n11n9k12o8p7k15l16n6n7p8o7q8m8r8, b
j10i9h10k9g9k10k11i11j9j12j8j7i10g10h9h11k8i12f9j13k14j11h13g11f11j14j15h12k12i13k15f10, w
j10i9j8k9j9j7j11j12k10l9i8h7l11m12k8h8i10l7h10g10l10, b
j10i9i10k10k8j8g11l6k7k6j9l7j6m8j5l9n7l8l10l5, w
j10i9i10l10h10g10h11h8j9k8g12f13j12j11h12h13i12f12k12, b
j10i9j8k9k8l8j9j7j11j12h11i10l7i7i8h7g7k11k10h8i12h13l10h6h5h10h9g9j6i11k13f8, w
j10i9i10h10f12j8k7k9l10h9j9k8h8k10l8k11k12i7l9l11i5j6h6f8i11j11j4k3h11k5o11m11n11n10k4l4m3m5j2l5n5n6p8o7, w
j10i9j9j8g11k7l6m7k8j7l7m6i10h11m8l10l5l8i5j5o5l3o10n9m5n5m4j6j4n10m9n12n11k9m11h6i7i6g6k4h7m2, w
j10i9j9j11i11k9h10j8f8g9h6k10h13m8l9k8k7l8i8n8, w
j10i9h10i10j9i11i8j8j11h7i13h8j13j12h13g13l13k13i12g14h11h12k14l15g10, b
j10i9i10g10l10k10j9j8j11k8k7l8m8g8j12j13k11i13m9n8m11l11m10m12m7, b
j10i9j8i7i8h8j9j7m7l7l8k9k8m8h7k10j5l9j11j12j6i6m9k7g6f5i5g5j4k5j3j2i4h5k3l2h3g2i3g3l3, b
j10i9k9i11k7k11j11j8l8j12m7n6l7j7n7o7l5l6m6o8k8j9k6k10k5, b
j10i9j9i10j8j11j6j7i6i8i11h9k12g10f11k6, w
j10i9i10g10h9j11l10k10l9g8l6l8l11h11g11f9e8i12j13h13g14e10d11i6h7f10d10f11g12f12f13f8, w
j10i9h10i11i8i10h9i12i13g10h12h11j13g11j11j12g12f11e11e12e8f13h13k13c10f12f14h15g14f10f9d14d9b11g6f7h7f5j9k10j7j8h8h6g8f8i6e10j5, b
j10i9i10k10h10k9j9k8k7j11j7k11k12m8l9m11l11j8l10l8i8n8, w
j10i9k9l8i7k7i5j8h10l6m5l7l9l4l5m9n10m7n7m8k8m10m11m6, w
j10i9k9l8l10i7i11j8i8k7h10l6m5l7j7l5l9l4, w
j10i9h10i10i11k9g9f8h9h6j12k13j11j9h11g11h12h13h8, b
j10i9j9j8k7h10g11h7j12k8h8j7j11j13i11h11h12g13l8k9j6m9h4i5i12g12i13j14i14i15i10, b
j10i9j8i8i11j9l11i7i6h7g6j7g7h9g10g9f9k9, w
j10i9h10h9j9j7g9j12g10i10i12g7i7f8i5g8f7d10e9i6f9h11h8j6d9c9e11f10e8c10e10e12e7, b
j10i9i10k10h10g10j9j7j11j12h9k12h11k8h12h13h8, b
j10i9h10i11k10i10i8j9k8l9k9k11k6k7h8j8h9h11j7g10l5, b
j10i9j9j11i10h10j8j6k10l11h11g12k8l7m10l10l8m8k9k11i11h12m7, b
j10i9h10i11k10i10i12i8i7j7h9h11k11k8j9j11k12k13h8k5j12l12h6h7l10m9k9j8h12g12f10g9i13h14g11j14e9, b
j10i9i10h10g11i11j8j9g9k10g6l9k9l11m12j11k11i12h13m8, w
j10i9j8j9g9k9l9i8i7g6h7k10k8j7l11j6h6g5g8h4g3j5h9h8f7e6j11i10f9e10e9d9g7e7f8d10i5, b
j10i9h10i10i7h9f7j9k9g9f9j11k12i11i12h11g11g12f13k8, w
j10i9j9j7i8h7j11j12i11h12l11k11k10m12l10m10l9i12l12l13l8, b
j10i9i10j9h10k10h7g9h9h8i7f7g10f10j7i8k7g7l7, b
j10i9j8i8j9j7i11g10h9g13j11j12k9l8m11l10i10k12h11g12g11f11k11, b
j10i9j9j8g11i8i10l8k8h11g10h10k7l7g8g9l10k10j12j11h13h9h8l5l6f9e9m8l9k6j7n9o10j5, w
j10i9h10k9h9h6i10k10g10f10j7i8g8f7h11h12j9g12j11k12j8, b
j10i9h10h9i10g10j9g9k10l10j11j8j12j13i12h13g12h11h12f12k12, b
j10i9i10h10k7g11f12h9h7h11h12g9j9i11j11j12k13f8, w
j10i9j8j7m7k9j9j12l7o7k8m6i10h11l8i8l10l9k10h10m10, b
j10i9h10i10i11h12f8g9k9f9h9i8i7l8h8h7j9j8g8d8k8k7i5m9n10e9j12l7l6f10g11j11f12d9c9c7b6m7n7m8m10m6d6m5, w
j10i9h10i10i12h9f9f7g8i6g10h11j9g12e10d11f10d10j8j7j12j11g9i11g7g11g6, b
j10i9k9h12l8m7l6k7l7l5l10l9j8i7m11n12j9j11k8i10i8h8m8, b
j10i9k9h12m7l8m9k7m8m6m10m11l9n9k10l10j11i12n7, b
j10i9h10j9k10i10l9h9g9j11g8k12l13i11i8h11g12g11f11k11, w
j10i9k9j8l6h10g11m7l8l7h12i11k7m9m8g9f8j12k13i10i8i13i12k11l10h14g15h9f9j11k12l11h11m11, w
j10i9h10i11k10i10i12j11h9k11l11h11g11i8i7k12l13m12l10l12n12g12f13k8j9m10l9h8j8k9m13k15l7l8j7j6k7h7m7, b
j10i9i10k10j9j8l6j11h10g10l9l7k9i11h11g12h8h9g9j7i8i7k7h13m9n9l8n10j6i5m7n6k6i6n8o9k5k8j4, b
j10i9j8j9g9i10k8i8i11k10l11i7i6k9l9j7h7g10h9h10k11j11l13f9l10l12l8l7n8m8m9j12o7, b
j10i9j9j11k10i10k12k11i11l11l8k9l10j8l6n10i8m11n11l12o9h10g11h9h7g6n8m7l7l9l5l4m8o8k6j5n9o10j7m4m6n6j6i6k7i5k8i7n5, b
j10i9i10j9h10k10h7k9l9h9g9k7k8i8g10f10i6j7g8j5g11g12g7, b
j10i9h10i10i12i11j9i7i8j11l11k10h9h8h11g10j7h12j8j6k5l9l5k6n7i5n5m5m6k4o8p9n6n8n4n3o4p3o6p6q4p5p4m4r4, b
j10i9h10j9k10i10i11g9h9h12k8h8k9k7l8m7k11k12n8m8l11j11l10l9m9j12o7, b
j10i9k9l8j8h6i7i11l10m11j7j9k7l7k10i10k8k11k6, b
j10i9h10h9g9i11j11j7i8l9j9j12k10i10l11m12h7, b
j10i9j8i8i11j7i7k9h9l11m10k10j9j11l9k8k11k6k7m12l5n11l6n13o14l13o10j15k14l12l14o12n12m14l15k12n15i10, w
j10i9h10i10i8i11j9j12j7j8h7k10h9k6h8h11h6, b
j10i9i10l10j8l8l9h10j9j7j11j12g8h9k10m8i8h7h8f8k8, b
j10i9h10k9i10k10k12j9h9j11l9h11l11i11g11k8k7l10h7g10m10j13i12h6m11m9n11o11n9o8o12p13l12j12n12m12n10n13n8, b
j10i9j8j7i8l8k8k7j9l11h8g8j11j12h7g6h10h9i10l7g10f10k10, b
j10i9j8k9j7j9l9h9g9i6j5i7i8k8j6j4l7i5l10l8k10m10m8k6j11i12n7, b
j10i9h10j9k9g9i11l8h12g13k10i10k12k11i12j12h13h11j11g14l9, b
j10i9j9j8g11l6k7m7k5k6j6m9i5h4j5h5m5l5j4j3l4i7k3n6h6g7l2, b
j10i9h10i10j9i8i7j8k7j7l8i11i12g8h8h9k6j11k12f7, w
j10i9h10h9j9j11j7g9i10k10f10g10h11g12g11f11e12h13i14i12g14l9, w
j10i9h10j9h9h7h11h12k9i10i8i12k6j7l8m7k8j8k7k10k5, b
j10i9h10h9g9g10j9j12j7j8i10l10k8l7g12h11k11l9l8k9i7k7l12n12m11o9m13n14m12m10l11j11k10n13i8, b
j10i9i10g10h9j11g8f7l10k10i12j8h10i11h7h8h11f9h12h13g12f12f13e14j9, b
j10i9i10h10j8h9j9j11h11g12k8l7j7j6l8i8m10l9m8n8m7k9m9m11m6, b
j10i9h10k9k10i10h9i11i8h7j7g10k6l5i12l9l10m9j9j8l11m12m10n10h12h11k12j13j12g12l12, b
j10i9i10j9h9f7h10k10g10f10h12h11i11g13l8k9i8j7f11e12k12j11j12g9i12g12l12, b
j10i9j8j9h9k9k8i8i10h7k10h10m10l10l9j7j11g8i12h13m8, b
j10i9k9i11h10h9i10g10k10l10k6g9f9g11g12f11i8h11e11j11, w
j10i9h10k9h9j9k10i10i11h11g12h6h12j12g13f14g10g11e12f12f11d13i8, b
j10i9k9i11i10l10l8h10j12j11g11h11g9k7k11h12h9g10h14m7f9j8l6i13l7l5k10k12d9e9g13e10i15j16d10e8e7d7e11f12d12d11f10c13h8, b
j10i9j9j12i10k10g12h11g10j8k8h10k7g11f12i11k13f11e11j11, w
j10i9j8j9k9l8i7l10h6g5h9i5k7h7i8k6g8h8i10j11g10f11h10f10k10, b
j10i9j8k9l9k8j9j11j6j7i6k7k10i8k6l6i7n7i10h10l4k5i3m7l7n8o9j4, w
j10i9i10h10k7k9j8m9l10k10j9j11j7j6l7k8i7h7m7, b
j10i9h10i11i8j9i10g10k9h11g11l10h9j11f9k11l11n8m9m7i13o9l6h12j7h13k6l5j6m6k7k8l8n10i5, b
j10i9j8j7i8h8h7j9k8g7g6k9l9l8e4f5g9f8f6e9h6e6i6j6i7d10c11c8d7i5k7g5h5e8e7d8b8g8, w
j10i9k9l8i7j6h6j8k7k8m8j5j7h7i6l7i4i5l5i8h8j9m6k10l11g6, w
j10i9i10j9k10h10l9l10j8m8g9g11l8i11f12k13j11j12l14i13k11h12f10h13h11j13g13l13, w
j10i9j8j9l9h9g9h8h10g10i11j12e7f8l8k9l11l10m8k8j11k11k10i12n7, b
j10i9k9h12j8l10i11l8j9j7i7l11l9j12i12m9k11k10j6n10o11m10o10m12m11n13o14n12n11k12l12j13i14n9, w
j10i9j9j11i10k10j8m8l9k9j7j6k8l7m10n11i6, b
j10i9h10k9j9j7i10g10k10l10j11j12h9k12h7i8h8h11h6, b
j10i9i10l10j9j8h10g10g12h11j13k8j12j11i11g9h12g13i12f12k12, b
j10i9j9j7j11j12i12k10i10h10k12h9l7k8k7i8g10h8h7j8g8l8, w
j10i9k9m7j8i7i11h12j9j11j7j6i8h9k10l11k8l8k11k12k7, b
j10i9j9i10j7j8i6l6k7i8i11m7h7i7k4j5k9h12k8l9k10k11k6, b
j10i9i10l10g10h10j8g11j9j11j7j6i8h9k8h11h8g8l8, b
j10i9j9j11i10l7h10g10l10k10g12h11i12l9j12h12i11g9i13i14k11h14m9, b
j10i9j8i7j6j9i8k9l9h9g9h8h10k10k7g7l8m9k8m8l6l7i6j7k6h6m6, b
j10i9j8j7i7g5i6j9k9l10l8i11n6m7i5i4k8m8k7k10j6m9h4, b
j10i9h10k9i10g10k10l10j9j7j11j12h9g8h7i8h8h11h6, b
j10i9k9i11h10i10i12j11i7h11k11k8j9g11f11h9g8k12l13f9g10g12f13f12j7j8k7h7l8m7m9n10i5j6l9n9l10n8l11l12l7, b
j10i9h10h9g10i10g8g9j9f9e9j11f10g11i11e10i8l11g6h7k9l8h12g13j8h8j6j7h6i6i7l10g5, b
j10i9h10i10i7j9k9k8l7l8m8j7k6j5j8h6h11i6l9h5g4h7h8g8f9k4, w
j10i9j9j12j8j7i8h7m12h8h9k8i7h6h5k10l9k9k7i6l6k11k12f6g6g7e5f8i5f9g8f7f10f5, w
j10i9i10g10k10l10j8j9l8l9k9i11k8m8k11k12k7, b
j10i9i10j9h9h10k9j8g11g8i11l8h12g13i13f10i12i14k12j12j11l13h11f11k11, b
j10i9j8j7m7i7l7i8i6i10i11h7g7j9k10h9g9g10f11k6, w
j10i9j8j7k9l8m11l10i11i7l7i8i6h7g7h9k6j9g6l11k10g9f9g10f11g11g12l13h8l12l14l9, w
j10i9j8i7i10h10j7j9h9i8j6j4h7i5i6g8h5g4h6h8g6f6k6, b
j10i9i10l10h10g10j9h11j13j8j12j11i11g9k13l14i13h13i12i14h12k12g13f14k9, b
j10i9i10k10h10j9h9h7i8g10h12h11i11g13l8k9k12j11j12k13i12g12l12, b
j10i9h10i11h9i8i10k10g10f10j11g8k12l13h12h11j12j9i12g12l12, b
j10i9h10k9h9k10k6k7h6h7j7i8j9j6h11h12i10g12j11j8k12l13g8, b
j10i9i10l10j8j12k11g10j9j7k8l7h11g12k9k10l8i11i8h8m8, b
j10i9k9m7j8i11i10l10j9j11j7j6g10h10i8h9k8h11h8g8l8, b
j10i9j8k9j9j11k10l11j7j6i10l10g10h10k8h11i8h8h9f11k6, b
j10i9i10k10k9i11l9h10j12j8k7j11g11l11k11m9h7m12j9m10m11k8i8m7i13h14f5g6h12j14e9f10j7i7g10h9g12g9i12f12k12, b
j10i9k9i11i7g9h10g10g7h9f9i10i12g11g12j11k12h11f11k11, w
j10i9i10j9l9h9g9g10k10l10j7m8f11k8i7l7k6m6n5l8j8o8n8m7m5n7l5o7k7p7, w
j10i9i10k10j11h10j8j9k9i8h7i11j12g8j13j14l10m11h6i7l13k12i13k11k13h13m13, b
j10i9k9i11i7k7j8l10g5h6j11j9i12h9l9k10h7f7m9g9f9g8e6g10g7g12g11i8f11k6j7m12l11h10f8h11h12i10f13k8, w
j10i9i10k10k8l9m8k9j9l7j8j7l8i8n8, b
j10i9j8j7m7j9h9i10l7k9i8k8l9h11g12k6k7g10n7o7m8k10m5m6l6n4l8l10l5, b
j10i9h10i11i10k10g10f10j9k8j11j8j13j12h9k12h11h8i12k14f9, b
j10i9j9j7j11j12i11m7l11k11k10i8m12n13l9i12l10m10l12l13l8, b
j10i9h10j9i10g10h9g8h7h8f8g9g7g12g11i7j6l10e11i5e9d10f10h12f11d11f9f12f7, b
j10i9j9j12j7j8l6i8i7l8k8l7i6h5k6j6k7k5h7g7k10k9l9m10i10h10h11g12f9g8i12j11g10j13e8, b
j10i9k9j8l6h10g11l8h12i11i8i13k8i10i12j12k13g9f8h9f9k11l10j11k12l11h11m11, w
j10i9j8i7j7j9h9i8i10k10h7k12l9h8g8f7i6k8f9e10j5, b
j10i9h10i11i8g10i10k10k8h11j13f9e8g9h9g11g8f11e11j11, w
j10i9i10h10g11h9g9h8h7g7h12k9e9f10g12g10j12i12j9h11j11j13j8, b
j10i9j9j11i11l8h12g13k10l11h10i10i8h9k12k13l10g8f7h7n10m10j12i12i13k11f8g9f10g11f9f11f6, b
j10i9h10h9i10k10g10f10k8f9g9l9g12g11j9h11j12j11i11k13f8, b
j10i9k9j8h10l8k7k10i11l9m8l11l10i8j9k8h8i6j7i7i10i5, w
j10i9j8i8i7i10j7j9i11k9l9h9g9k12j11k10k11l11m12h7, w
j10i9j8i7j9j11j7j6i6k8k5i8i10h10h11f13k6k4g11k10i12f9k9i11f11g9f8e11j12e9h9d9c9h8f10e10e8e12e13d11c12g14h15c10, w
j10i9h10h9i10k10k9g9f9g10j7g7g8i8m7l8d11e10l7k7j9j8k8h11m6, b
j10i9k9l8i11k7h10m9j6g9h12g13k10i10k11k12h11j11h13h14h9, b
j10i9j8k9l9k8k6j9h9k10k11i8h7i10l7i11i12i7, w
j10i9h10j9k9h9g10i10i11h12g12g9f9h11f10f7g8e10i7l7k8k10l8m7j8l10i8h8m8, b
j10i9k9j8i11h12h10m7j12k13f8g9j11j13k11h11k10i10k8k12k7, b
j10i9j9j7j11j12h10i10i12k10i11k11m7m9l10k9k12k8k7m10l9l11i13l8n8j4i8l6o8m8n10m12m11n13o14k13o9p8p10q11i14i15o7n7o6o10o5, b
j10i9h10h9j9j8j11g9i10k10g10f10j13j12h11g12i12k14f9, b
j10i9j8j9g9l9k9i11i7h6l10m11h8f10k5j6k8i8k10m10k11k12k7, b
j10i9j9j11i11j8g11h12h11l8k8i10g8l6k7k12l13l9l7i12k10j12g12l12, w
j10i9j8k9j7j9l9h9g9l7k8m10i8h8h10h5m8l8k10i10j11i12n7, b
j10i9i10j9h9k10j11g8h7k12k9h12j12h8l11j8i8k11h10g10g9i11j7k7j14j13f8l8i5k14k13n10m9k6e7d6l12i15l14l13m15n16g7h6f7d7i7, b
j10i9h10k9j9j12i10k10g10f10j7j8h9i8h11k8h12h13h8, b
j10i9j9j8h10l10i10g10k8l7l8k9m11h11j13k7i7j12k11j7l11j11o11n11m10k12m12m9k10n13i8, b
j10i9h10i11k10i10i8h9i12j11k12g8f7g11h11g9f9g10g12g7, w
j10i9h10i11h9i10i8f11j7k6h7h8j9k10j8j11j6, b
j10i9h10i10i12h9j9j7i8g9k10l11j11l9j12j13j8, b
j10i9j9j8g11i10i8i11j11i13i12k10j12j13g12h12h13g14g10g9f11h9i14j15e10, b
j10i9i10j9h10g10l10k10h9l11i8k9h8h7g8f7f8e8j8, b
j10i9i10h10j8j12i11j9h12k9l9k10k11h9g9h7i8h8h11h6, w
j10i9i10g10h9l10l13k12j8f7j12j13j9j11h11k8h10h12l11h7i7k9j6j7g9i11h8f10k5, b
j10i9k9i11k7k11m9j11l11g11h11i10i12i7i8h10f12g8h9g9g10j12k13f8, w
j10i9j8i8i11k9j9j11j6j7i10g10h9k8i6k6k7i12m10g12k10l10h12g13g11i13j13h11m9l8m12m11l11n13k12i14n9, b
j10i9k9m7i7h12h10j7j8l10g5h6j12g10j13i8h9h8j11j14j9, b
j10i9j8i7j6j9i6j7g6h6k7m9g9g7f8h7f7h8h9i11d9e8f9e9f10f11f6, b
j10i9k9h12l8m7h10m9j12g9j11j9j13j14k10i10m8l9k8n8k11k12k7, b
j10i9k9j8l6i11h10i10i12i8i7g8h8h9j11e6f7g9f9g10j7g11g12g7, w
j10i9k9m7h12i11i7j8h10i10i12g12h9h11f13k8j9j11g11k12f10i13e9d8h8g9h6h7f11f12f8g7g10i8d10e10c11b12e12d13d11e11g14h15c10, b
j10i9j8j9h9i10i11h11k8l8k9i7h12g13i8k6j7l9h8g8g10f11k10k11h6h7l10g12f13e10f9h13i14d9, w
j10i9i10h10k7k9j9j12l7k8j7i7j8j11j6, b
j10i9h10i10i7i12i11j12g9k9f8e7h8j6f10e11g8e8j8i8g10g7e10d10h7f9h9h11h6, b
j10i9h10i10i11h12g9f8h8j12f10i7i8g12i12d12j8k8j9j7h7h9k10l11g6, b
j10i9j9j8h10k10k9j11l9l6i11l8h12g13k7k8i8h13m9n9i13n8m8n7n6i12g14m6f10g11f8g9m10m11g10i10f11h9f9f12f7, b
j10i9i10h10g11h9j9j7j11j12h11i11g12f13k8, b
j10i9h10i11i10g10k10l10h11h9g12f13f11j9g9e10e7f10h13h12l9i12i13g13j12d10c10f14e15f15f16e11f12e13e12c13d13d12b14g15h16c11, w
j10i9h10k9k10i10i12i8i7l9j9j11h9l11h8h11h7h6j6g9j7j8g7f7k7, b
j10i9h10h9k9g10k6i8f11g9f9i7i6i11i10g8g11h8f10f8e8j8, w
j10i9k9j8h10i11l8i10i12i8i7g8h8h9f7j11k12g9f9g10g7f11e12j7, w
j10i9j9j12j8j7l10i7h7k10i10l7g12h11k7k9h10g10f9k11k12j11i11l9m8h13i12i8h9i6i5k8m10h5, w
j10i9j8i8i11i10j11j9l9i7i6h9g9j7g10l7k7k8h11m6, w
j10i9h10i10i8k8j9j7j11j12i11l11h7g6h12g13h11g11h13h14h9, b
j10i9j9j8g11h10j12i8g8l6k7i6i7k8l8j7l9k6l5j6h6m6, w
j10i9j9j8k7l8l7k8i8m7n8n6o5j7m10k10j5i6h5m8i5g5h6g7h3h4k5l5k3k6j4l2j3i3j2j6j1, b
j10i9j9j12i10l10h10g10j8j7k8l7h11g12h8h9i8g8l8, b
j10i9j9j8h10i10i11j11h9h12l8l6k7j6k9m7h7h8k10i8k8k11k6, b
j10i9i10l10j8h10h9j11j9k8j7j6k7i7h8i8l6h11i11h12i12h13h14i14i6l4n4m5m7o7n6o5o6m6k5j4n8o9n7l7n5, b
j10i9j8k9l9k8j9j11k10l10i8l11i10j7k11l12g6h7h10g10g8l14l13k12g7g5h9n12m12m11o13n9m10n10o9n11n13n8, w
j10i9j8j7k9i7k7i10i8l8i11g8j11l11j9j12h12g13h11g11h13h10k10i12k8k11k6, b
j10i9h10i10i7h9i11j9k9l8f7l7k8k12j11k11k7k6i4g9f9n9m8l5l6i8j7l11m10k10m12h7, w
j10i9j8i7j9j11j7j6i10h11i11g10l8k9k8i8l7m6l10k10l9l11l6, b
j10i9j8k9k8i8l9j7i10k10j9l7k6j11g12h11f11h13h10i12g14i11k11g10f9l12g13g15f12f10e12d12e11d10d11f13c11b11g11, b
j10i9j9i10i11i8j8j11j7j6g8k9i6l9g4h5g5k10m8k12l13k11k13k8, w
j10i9j8k9i8h9j9j11j7j6k8l8g8h8i6l9h7g6f9e10j5, b
j10i9k9m7i7h12l10j8m10k10p10l6k7k5n8m9h7j7j5j4i3k4n10o10n11n9l9o12l12l11n12m11m13o11n14n13k11, b
j10i9j9i10j8j11g8i8i11i6i7k9j7j6g7h7h6g5f8e9g9g10h10j12e7, b
j10i9h10i10j9j12j11i12i11h12k12g11g12h11j8j7j13i13j14h14k11l11k13k10k14k15m14l14l13n15m13n13m12m11j15i16n11, b
j10i9k9h12i11h10j8h6l8m7k8i8n8m8l10m11k10k11m10i10n10, b
j10i9j8j7k9m7l10m11i7h6m10k10n10p10l11p7l8l9i11h12m9o11j6k7n8o7n9k12n11n12n7, b
j10i9j8i8i7j9k10l10k9k11i11h12g9h10l8m7h6g5j6h8k7m9k6k8i6g6l6, b
j10i9k9l8i11g13j8h6l10m11k10i10n10m10j9j7j11j12k11h11k12k13k8, b
j10i9h10h9k9i11i10g10j9j11k10l10k8k7h11g12l7, b
j10i9k9i11h10i7k10i10i8j9k11k8l7h11g12f11g11f9i12f10f12g9h9h8e11j6, w
j10i9h10h9j9j7g10i10g8g9f9i8i11h7i7j11i12h11l5l8f10f13e10d10d11c12f8f7f11f12e8d8e11c11e9e12e7, b
j10i9j9j8k7i8i11k8h8l8m8h10f12i6i7f10l7j7l9g10h9e10d10i10, w
j10i9j9j12j7j8k7h10l7i7m7n7k9l8k8k6i10h11m6, b
j10i9k9l8i7j6j8l10i5l9l11l7l6j9k7i10k8k6i11k11h6g5n8j5m8h3i4i6m5n4m7m6o9p10k5, b
j10i9i10j9h10g10h9g8k10l10h11h12g9f8h8h7k9f10f9k12k7k8l8m7j12m9e9d9m8n8o7o9l6p10q11n9p9n10n7m10o10l11j13o8, w
j10i9j9j12j7j8h10k7k10i10l10i12i11l8n10m10h12g13i8l11h9k6h11h13h8, b
j10i9i10g10k10l10j9l7j11j8j12j13l11i8m12n13k12l12l13m14h9, b
j10i9h10i11h9i10i8h11g10j7k8f11g11h7j8h8g7g9f10g12f13i13i12e10h13i7j11k10k7j12e9d8j6l8g14f15k6k5h6f8i6g6l6, b
j10i9k9m7i11h12j8j9l10i7m11n12k10m10h10i10j12g9k11k12i13h14m9, b
j10i9j8j7i7h6h8k9i8k8l9k10k7f8j9g9h10h9e9g6e6i6j6g7g8h5g4i5j4i4f7k12k11j3k2i3i2h3g3h4h7h2, w
j10i9j9j12j8j7k8l7i8l8l10k10h8g8i7k9g9j6m9m7k11k7n7n6o5h4i5j4l6j5j3i4k4k6m8h3, w
j10i9k9h12h10m7f10g9g10i10h9j7e10d10h7h8f11e12f9f12g8d11i6, b
j10i9i10k10j11h10h9k12j12j13k11g11f12l11m10j8k7j9i8i13j7g10g13i14h15i12i15h11k14f9, w
j10i9j9j8l6h10g11j12l8k9g9g12h12f10l10k10g10l9i11j11i12i13j13h11k12g8k7m8n7f13e14h14g15h8i8f11f12h9h7f7i10d5h13e6, w
j10i9j9j12j8j7i10l10k8l7h11g12h8i8h10g10h9h12h7, b
j10i9j8j9i8h9k9l8h6i7g8h8g9j6k7h10h11g10k5e10f10k8l7g11m7n7l6n8j4i3m5n4i5k3g7f8j5l5g5g6h5, b
j10i9j9i10j11j8i12g11h10g14j12j13k10l9m12l11i11g9h12k9g12f12k12, b
j10i9j9j11j8i10i7j7i8i11l8k8l10k9l11l9k10m12h7, b
j10i9j9j11k10h10j8i8j7j6i7l10k7l7h7g7h6g5h5h4k8i6k9k11k6, b
j10i9h10j9i10k10k9h9g10f10f9m7i11h12g9j12f8e7e8d7g8g7d8c8h8, b
j10i9i10g10h9g8j8l10g9j11h11l7j9g12j6j7h8i7h10h12h7, b
j10i9j9j12j8j7i7h6h8j6i8g8k8l8k10l11i10h11h10g10l10, b
j10i9h10i10i8i11i12k8j11h11j9j12k10l9l11m12h7, b
j10i9j8i8i10j9i7l10k10l9k9g10k8k11k6k7n8l12l11h9f11f9g9j12i13i12k12h11j13e8, w
j10i9j8k9i8h8j6j9h9l9m9k7m8j7k8l8l7l10m6m7k6n9l6i6n6, b
j10i9h10j9h9k10k9h12h7h8i10j11i8g10g7i12l9h13g14h11j13e8f9h14h15g12f12g11i11g9g13g8, w
j10i9k9l8j8h6l10m11k10m10i10h10k8k7j9j7h11g12l7, b
j10i9i10k10k8j9k9i8h7i7i5k7m7l8m9m12l11m8l9h10j8h9n9o9m10k12n11o12j7, b
j10i9j9j12i10l10g12h11g10h10j8j7g11g13h13h9h8g8i11i8i13j15j13l13h12j14f10e9l8k9f11e10i12i14f12e12f13f14f9, b
j10i9j8i7i10i8j9j11g10h10j7j6i5k5h8h11k8i6i11k6l6h12h13h6g6m8k10m6k11k9i13l10g13f13k13j13i14i12g12f11g11g14g9, b
j10i9h10i10j9j11i12i11h9h12g11i8i7h11g12j8g8l11k11g13h13h8k12l12k8k13k7l13l10l14l15f14e15n13m13n10m11m12o14n11o10n12n14n9, w
j10i9h10i10i11k9g9f8k13j12k11j9l9j11k12k14h11h8h9h12i8j13g10f11j7k6f9e8g8g7i6k8h7e10j5, b
j10i9i10g10j9g12k10l10k8l7j8j11i8l11h8g8l8, b
j10i9j9j12i11h12i12j7i13i14m7j13j15m10h15l11k12l9k8l8l10l7h11j11k10i10k11k9l6k14j4k5h7h14j14i8g10k6l5n9m8m9i7o9, w
j10i9i10j9k10h10h9l10l9j11k7k8l7j7g11l8m8n7k6j5n9o10m9o9o8m10n10n11q8m7l6i6n6m6m5n4p8n8o7q9l4, b
j10i9j8j7k9l8m11l10i7l9l11k8m10o8g5h6j11k11j13k12j12j14j9, b
j10i9h10i10i11h12k13j12k12k9k15k14j13j9l9l11i13h13g9h11k8g12f13i12f12k10i8j11g14m12n13j15i14l13i16n11, w
j10i9k9i11i10k10j8i7i8l8g8h8j11j9h9k12f7, b
j10i9i10j9h9g10k9k10i8l8l5g13g8j11l9j8g11m5e6f7k8j5j7k6m10n11i6, b
j10i9k9j8h10i11k7k10k8k6i10g10j9l7l9i6h11g12n9m9h9h12h7h8m10n11k12l11j11l13g8, b
j10i9j9j11i11g13j8j7l8k9k7i8k6i5i7h6k5k4n10m9l6j6m5n4l5n5l7l9l4, b
j10i9j8j7j9i8j11j12g10h10i11g11k9h12l8m7l11k11l10i7l9l12l7, b
j10i9j8j7i8j9k9l8h8g8g5l10g9i7l7h7g7j5i6f9j6f10f6e10d11f8f11e8g10d8c8e9c7e11e12e7, w
j10i9h10i11h9i10i12h11j9f11g11g12f12j12i7j8h13h8k7f13e14g14j11g7k10l9e13d14j7l7i8k6l11m12h7, b
j10i9j8k9j9j11i10k8k10h10m10l10h7i8i6j7h11h9g10f9f13g12g9k6l5l11g11k11m11l8l9k7k5m9j6j12i13n8, w
j10i9j9j7j12j11k10h10l10m10k11i13m9n8k8k9l7m6i10h11m12l11m13l12m15m14k13l14l13n13k14k12j15i16n11, b
j10i9j8k9i8j9l9g9h9k8k6j7l7g8m8j5n9o10k10n7l10m10l8l11l6, b
j10i9j9i10j11j12i12i8i7h13j7j8k7h7h8k8m7l7j6k5l8i5k9i11n6, b
j10i9h10i10j9j12j8j7i12i11i7l10h6g5i5h9j11l9i8l8l11k10i6i4g6f6j6k6h8k5g8f8k8, b
j10i9i10h10j8j12i11k9h9j11k10m10i12i13k11m13j9k13j7j6i8g10l11m12h7, b
j10i9i10h10f12h12h11j9k9k7j8i11f8l8l10i7m9i8h7n8m11n12m10k10m12m13m8, b
j10i9i10h10j9j11k10l11h11g12m10l10l7k8k11j8g11k7l6l8i8k9i7n8m8m11n12k6k5n10m9l12l9k13j14o9, w
j10i9j9i10i11i8l8k9j11j12k11l11j7j8i7h8g8h7h10l12k7l10l13m11n12n10k13o9p8m10o10k12n9i12h12m12, w
j10i9i10h10f12k7j8k10k8j9l8i8h7h9k9i11g9l11m12f11g10h11h12g11e11j11, w
j10i9k9h12i11h10h11g11f12i13f10k7j8l10l8m7k8m8j9i10j11j12j7, b
j10i9i10g10h9l10l13f7g8k12j8h8f9j9h7e10i6j5f6g9f10k9i7m9l9k11j12k10k13k8, w
j10i9k9l8j8i11l10m11i7h6j7j9k7h7k10m10k8k11k6, b
j10i9i10k10k9m7h12i11h9f7j11k12j9j8h11k8h10h13h8, b
j10i9j9i10j7j8i8j11l11k10l13i12l9i11i13g11h10h11f11k11, w
j10i9j8j9k9i7i8l8h9l5h8g8h10h11g10j7i10f10k10, b
j10i9k9h12h10i11f10i10i8k8h9h11j9j7f11i12i13l9m10j11k11k10h13m8, w
j10i9k9m7i7k7i11h12l7k5l6l8j8l10h6g5j9j11j6j7m6k8k6i6n6, b
j10i9j8j9k9i11i8l8h8g8i10l10g10h10g11j12g9l14k13k11i13l11j11l9l12l7, w
j10i9i10k10k8j8j9l7j11k12k11h11h10m11l12j12k7k9l10l9m13n14k6m9n9l11g10f10n11m10m8n12j13k13k14m12n13o13m15o12l8p12p14q12, w
j10i9j8j7i7h6k9l10l8m7m8k8i6i11i8n8k5f8i5i4j6h8k7m9h4, b
j10i9j9j8k7l8k8l7k9k10l9i6k6k5n9m9m10n11l11o8i8k12j12j11l13l5l6l10n7n6i10m5j5o7n8p8q9l4, w
j10i9i10h10j9j8k7j12l10i11k13k8m10k10n8g11f12g9f8m8j11g8g10h8i8h9h11h6h7i7j6g5k9f4, w
j10i9j8i7j6j7i6i8h7i11i10g10h9g8h6h8g6f6k6, b
j10i9i10k10k8l9j11j9k9l11i8l8l10k12n12m11m12j13m10o11n11i14h15n10m9k13l12h13i13k16j15k14k15k11, w
j10i9h10i11k10i10i8l11i12m10j11l9h13g14j9j12j7j8h7g6h9g10h8h11h6, b
j10i9j8i8i11j9i7k9h9l9m9k10h7l11m12j7k8l10l8m10m8n8j6k7h8h10g9f10k5, b
j10i9j8i7j6j7i10j9h9f7k10h10l10m10k9k12m11n12l8m7k7m9k8k11k6, b
j10i9j9j7i10l7j11j12h11g12h9k12f7g8i11g11h12k9h10h13h8, b
j10i9k9m7i11h12k7i7h10k10k13j12k12k11g9i13h14m9l10g11j14m11e7f8i14k14g14f14i15h16g13f12j16k17j15j17h15k15j13g16l11, b
j10i9j9j7i8h7i7h8h10i10h6i11j11j12i13j8g7j4f8e9i4j6j5i6h5i5e8k6h4l6m6k7m5k5i3k8k9k4, w
j10i9j8j9g9i8i11k10l11h7g6i7i6k7j7k9k8l9h9m9, w
j10i9k9l8k7k8n8l6l7i7i8k6m6n7m4l9j7o6m8m7l10o4k10m10j9h7j8j11j6, b
j10i9j8k9i8j9l9k8i10l7k7m6n5k10h9l6g8j11h8f8h10h11g10f10f11e12j7, b
j10i9j9j8g11k7l6m7m6j6l7k8l8l5k10l10k6i7k9i8i6h8g8g9f10k5, w
j10i9k9m7h12i11i10k10j9h11j12j11g11i12h13k11l11i14j13i13i15l9m8k8j7k12g10j8g8g9f10h10d8e9h9i8f7e6f8e8f9f11f6, b
j10i9i10g10h10l10g9k9i7h9j12i11j6h8j9j11j7j8l7k8k7h7m7, b
j10i9h10h9j9i10j11j12j7j8i7k7g9i11i12f7g8g6l9k10h8f10j6k5g10g11i6k8f9h11h7e10j5, b
j10i9h10h9g9k9i11j12i10g10l10k10j9k11k12i13j11l13j7j8h11g12h14g11g14i14f11h13h12k13j13k8k7j15k16i16i15k14h17m12, w
j10i9h10j9h9h11g10i10g12i8i11g9h12g13h7i7i6k8l7h8j8f10e11j6, w
j10i9i10g10l10k10l9k9j9l7k8j7h11g12k11j11j12i13i8g11g13g9g8k7m7i7h7h12f10f12h10e12d12i12, w
j10i9h10i10i8k8j7l7j9j8h7g6h9h8g10f11k6, b
j10i9k9i11i10k10j8i7i8j7h8k8f8g8l9h7k7g7f7g9g6f9i6h9e9j9, w
j10i9j9j8l6i10i6i8i11g8h8h9j11e6f7g10f11g11h10g9g12g7, w
j10i9i10j9k9m7k10l10h10g10k12k11j11l13h9g8h12h11i11g13l8, b
j10i9h10k9k10i10h9i8i11f8j12k13j11j13h11k11h12h13h8, b
j10i9k9l8i7j8k8i11h10k10l9k7i5i6i10l7j9j7f10g10h11g12h8g9h9h12h7, b
j10i9j8i7j9j7i10i8j11j12k10l10g10h10h11k8i12l9j13k14f9, b
j10i9j8i7j6i8i10i5i6g6h7j5h10g10l10k10k6l6j9j7j11j12h9g8h8h11h6, b
j10i9j8i7j7j9h9i8i6h7k10i10i11g6f5h11k8h5k9k11h12g13l8, b
j10i9h10h9k9g9f9g10g8j7i8i6l9j8l6l8k8j6j5h6g6i7h8k7i5h7g7l7, w
j10i9j8j9l9h9g9h8h12i11h11h7h6i8i10k10l11g6, w
j10i9h10i11k10i10i12j11h11k12l13h9g8k14k9g10i8k11l11j9l10l12j8i7h8f8k8, b
j10i9h10i11i8i10i13j9k8h9g9k9l9g8j11j8j7i6h7k7f7i7h6l6m5k6h4h5j6m8j5k5i3k3k4j4i5f8m6m10m11m7e8n8, w
j10i9h10i10i11k9g9f8j9j12j11i8h8h11i7j6e11f10j8j7h9e9g7d8c7h12g11e8c8f9f7g10i12d7, w
j10i9j9i10j11j12i12i8i7j8g11g8h8k7l6m8k5j6m7j4n8o9g14h13g13g12i11h11h12f14k9, b
j10i9j8j9k9i7i8l8g8h8g7k5j6h9g9g6h10g10l10h7m11n12j12i11k11m9k10i10k12k13k8, b
